<?xml version = '1.0' encoding = 'UTF-8'?>
<TableProxyOraclev12c class="oracle.dbtools.crest.model.design.storage.oracle.v12c.TableProxyOraclev12c" name="TRAVAILLE" directorySegmentName="seg_0" id="6391DC5D-CBE0-5B3C-52B6-3DBDFA369051">
<createdBy>Razvan BIZOÏ</createdBy>
<createdTime>2023-11-22 12:44:15 UTC</createdTime>
<ownerDesignName>schema</ownerDesignName>
<dataSegmentCompression>YES</dataSegmentCompression>
<logging>YES</logging>
<partitionedRowMovement>DISABLE</partitionedRowMovement>
<segment>E5553AAF-833F-684E-DABF-9DEDB27B12F4</segment>
<tableSpace>3AD53EC4-886F-E5D0-805D-E79872AD190C</tableSpace>
<temporaryChanged>false</temporaryChanged>
<accessDriverType>oracle_loader</accessDriverType>
<rejectLimit></rejectLimit>
<compressionType>BASIC</compressionType>
<inMemory>NO</inMemory>
<columnProxies itemClass="oracle.dbtools.crest.model.design.storage.oracle.v12c.ColumnProxyOraclev12c">
<ColumnProxy name="NOM_PROJET" id="4821FDA5-3D12-AFDC-1C92-7C4C4267DF78">
<createdBy>Razvan BIZOÏ</createdBy>
<createdTime>2023-11-22 12:44:15 UTC</createdTime>
<ownerDesignName>schema</ownerDesignName>
</ColumnProxy>
<ColumnProxy name="REF_UTILISATEUR" id="6443A95F-6097-4726-6C2E-0D6F2232081E">
<createdBy>Razvan BIZOÏ</createdBy>
<createdTime>2023-11-22 12:44:15 UTC</createdTime>
<ownerDesignName>schema</ownerDesignName>
</ColumnProxy>
</columnProxies>
<foreignKeys>
<ForeignKey class="oracle.dbtools.crest.model.design.storage.oracle.v10g.FKProxyOraclev10g" name="FK_TRAVAILLE_REFUTILISATEUR" id="F6589E4E-4170-F95C-8A3E-24719FF45E95">
<createdBy>Razvan BIZOÏ</createdBy>
<createdTime>2023-11-22 12:44:16 UTC</createdTime>
<ownerDesignName>schema</ownerDesignName>
</ForeignKey>
</foreignKeys>
<primaryKeys>
<PrimaryKey class="oracle.dbtools.crest.model.design.storage.oracle.v10g.PKProxyOraclev10g" name="TRAVAILLE_PK" id="F8AA85C4-CCC1-63F9-57FF-826237339856">
<createdBy>Razvan BIZOÏ</createdBy>
<createdTime>2023-11-22 12:44:15 UTC</createdTime>
<ownerDesignName>schema</ownerDesignName>
<segment>F5F5B6B3-2814-E646-9FD2-5B5B4AED269A</segment>
<tableSpace>3AD53EC4-886F-E5D0-805D-E79872AD190C</tableSpace>
<indexSegment>F5F5B6B3-2814-E646-9FD2-5B5B4AED269A</indexSegment>
<indexSort>SORTED</indexSort>
<usingIndex>BY INDEX NAME</usingIndex>
</PrimaryKey>
</primaryKeys>
</TableProxyOraclev12c>