<?xml version = '1.0' encoding = 'UTF-8'?>
<TableProxyOraclev12c class="oracle.dbtools.crest.model.design.storage.oracle.v12c.TableProxyOraclev12c" name="CONTIENT" directorySegmentName="seg_0" id="96DDFA3F-CA6E-3A72-A27B-37231BE69336">
<createdBy>Razvan BIZOÏ</createdBy>
<createdTime>2023-11-22 12:44:15 UTC</createdTime>
<ownerDesignName>schema</ownerDesignName>
<dataSegmentCompression>YES</dataSegmentCompression>
<logging>YES</logging>
<partitionedRowMovement>DISABLE</partitionedRowMovement>
<segment>E5553AAF-833F-684E-DABF-9DEDB27B12F4</segment>
<tableSpace>3AD53EC4-886F-E5D0-805D-E79872AD190C</tableSpace>
<temporaryChanged>false</temporaryChanged>
<accessDriverType>oracle_loader</accessDriverType>
<rejectLimit></rejectLimit>
<compressionType>BASIC</compressionType>
<inMemory>NO</inMemory>
<columnProxies itemClass="oracle.dbtools.crest.model.design.storage.oracle.v12c.ColumnProxyOraclev12c">
<ColumnProxy name="REF_LISTE" id="1F14A8C2-C6AF-2351-477C-5D6D2AEA8147">
<createdBy>Razvan BIZOÏ</createdBy>
<createdTime>2023-11-22 12:44:15 UTC</createdTime>
<ownerDesignName>schema</ownerDesignName>
</ColumnProxy>
<ColumnProxy name="NOM_PROJET" id="B05A3A98-8718-12BE-78E4-6949C0EDC7C6">
<createdBy>Razvan BIZOÏ</createdBy>
<createdTime>2023-11-22 12:44:15 UTC</createdTime>
<ownerDesignName>schema</ownerDesignName>
</ColumnProxy>
</columnProxies>
<foreignKeys>
<ForeignKey class="oracle.dbtools.crest.model.design.storage.oracle.v10g.FKProxyOraclev10g" name="FK_CONTIENT_REFLISTE" id="D46A1C61-1B09-5BA7-F384-831D80BCEE40">
<createdBy>Razvan BIZOÏ</createdBy>
<createdTime>2023-11-22 12:44:16 UTC</createdTime>
<ownerDesignName>schema</ownerDesignName>
</ForeignKey>
</foreignKeys>
<primaryKeys>
<PrimaryKey class="oracle.dbtools.crest.model.design.storage.oracle.v10g.PKProxyOraclev10g" name="CONTIENT_PK" id="8A1EE178-0513-F128-7BE8-9859F0287EA4">
<createdBy>Razvan BIZOÏ</createdBy>
<createdTime>2023-11-22 12:44:15 UTC</createdTime>
<ownerDesignName>schema</ownerDesignName>
<segment>F5F5B6B3-2814-E646-9FD2-5B5B4AED269A</segment>
<tableSpace>3AD53EC4-886F-E5D0-805D-E79872AD190C</tableSpace>
<indexSegment>F5F5B6B3-2814-E646-9FD2-5B5B4AED269A</indexSegment>
<indexSort>SORTED</indexSort>
<usingIndex>BY INDEX NAME</usingIndex>
</PrimaryKey>
</primaryKeys>
</TableProxyOraclev12c>