<?xml version = '1.0' encoding = 'UTF-8'?>
<TableProxyOraclev12c class="oracle.dbtools.crest.model.design.storage.oracle.v12c.TableProxyOraclev12c" name="TACHE_FINI" directorySegmentName="seg_0" id="9E363CD4-A692-A9C9-8201-8B8E73D322D4">
<createdBy>Razvan BIZOÏ</createdBy>
<createdTime>2023-11-22 12:44:15 UTC</createdTime>
<ownerDesignName>schema</ownerDesignName>
<dataSegmentCompression>YES</dataSegmentCompression>
<logging>YES</logging>
<partitionedRowMovement>DISABLE</partitionedRowMovement>
<segment>E5553AAF-833F-684E-DABF-9DEDB27B12F4</segment>
<tableSpace>3AD53EC4-886F-E5D0-805D-E79872AD190C</tableSpace>
<temporaryChanged>false</temporaryChanged>
<accessDriverType>oracle_loader</accessDriverType>
<rejectLimit></rejectLimit>
<compressionType>BASIC</compressionType>
<inMemory>NO</inMemory>
<columnProxies itemClass="oracle.dbtools.crest.model.design.storage.oracle.v12c.ColumnProxyOraclev12c">
<ColumnProxy name="DESCRIPTION" id="28AAC0B7-11A2-763D-06C4-9669D471FF0A">
<createdBy>Razvan BIZOÏ</createdBy>
<createdTime>2023-11-22 12:44:15 UTC</createdTime>
<ownerDesignName>schema</ownerDesignName>
</ColumnProxy>
<ColumnProxy name="DATE_D_ECHEANCE" id="35929EAD-F64D-596B-C8B3-935D89AC155F">
<createdBy>Razvan BIZOÏ</createdBy>
<createdTime>2023-11-22 12:44:15 UTC</createdTime>
<ownerDesignName>schema</ownerDesignName>
</ColumnProxy>
<ColumnProxy name="STATUT" id="4347DED9-7B45-73AF-E806-78CB28C567F4">
<createdBy>Razvan BIZOÏ</createdBy>
<createdTime>2023-11-22 12:44:15 UTC</createdTime>
<ownerDesignName>schema</ownerDesignName>
</ColumnProxy>
<ColumnProxy name="INTITULE" id="68C6DD5E-5800-C150-A9E2-6D217DCC7D2B">
<createdBy>Razvan BIZOÏ</createdBy>
<createdTime>2023-11-22 12:44:15 UTC</createdTime>
<ownerDesignName>schema</ownerDesignName>
</ColumnProxy>
<ColumnProxy name="NOM_CATEGORIE" id="8E023842-77E5-6984-9826-4A0540235A4F">
<createdBy>Razvan BIZOÏ</createdBy>
<createdTime>2023-11-22 12:44:15 UTC</createdTime>
<ownerDesignName>schema</ownerDesignName>
</ColumnProxy>
<ColumnProxy name="REF_TACHE" id="920415F3-98F5-7B7C-D099-8CD73F0BB5B0">
<createdBy>Razvan BIZOÏ</createdBy>
<createdTime>2023-11-22 12:44:15 UTC</createdTime>
<ownerDesignName>schema</ownerDesignName>
</ColumnProxy>
<ColumnProxy name="REF_PERIODICITE" id="9C4DE683-FB3A-62E7-71B3-0DCE3895687A">
<createdBy>Razvan BIZOÏ</createdBy>
<createdTime>2023-11-22 12:44:15 UTC</createdTime>
<ownerDesignName>schema</ownerDesignName>
</ColumnProxy>
<ColumnProxy name="REF_UTILISATEUR" id="B3F126EE-CE4C-2684-1750-1F4D487737D7">
<createdBy>Razvan BIZOÏ</createdBy>
<createdTime>2023-11-22 12:44:15 UTC</createdTime>
<ownerDesignName>schema</ownerDesignName>
</ColumnProxy>
<ColumnProxy name="DATE_REALISATION" id="E23EF4FD-368A-FE20-A7F4-00C6EF2E3387">
<createdBy>Razvan BIZOÏ</createdBy>
<createdTime>2023-11-22 12:44:15 UTC</createdTime>
<ownerDesignName>schema</ownerDesignName>
</ColumnProxy>
<ColumnProxy name="PRIORITE" id="ED3F24E0-292D-0738-0578-D5A2A83CD726">
<createdBy>Razvan BIZOÏ</createdBy>
<createdTime>2023-11-22 12:44:15 UTC</createdTime>
<ownerDesignName>schema</ownerDesignName>
</ColumnProxy>
<ColumnProxy name="URL" id="FF42FDDB-8E76-42C9-A0F2-F758B90C7B64">
<createdBy>Razvan BIZOÏ</createdBy>
<createdTime>2023-11-22 12:44:15 UTC</createdTime>
<ownerDesignName>schema</ownerDesignName>
</ColumnProxy>
</columnProxies>
<foreignKeys>
<ForeignKey class="oracle.dbtools.crest.model.design.storage.oracle.v10g.FKProxyOraclev10g" name="FK_TACHE_FINI_REFPERIODICITE" id="3F7C4990-E874-FA49-6B5B-F55307E02E5E">
<createdBy>Razvan BIZOÏ</createdBy>
<createdTime>2023-11-22 12:44:16 UTC</createdTime>
<ownerDesignName>schema</ownerDesignName>
</ForeignKey>
<ForeignKey class="oracle.dbtools.crest.model.design.storage.oracle.v10g.FKProxyOraclev10g" name="FK_TACHE_FINI_REF" id="5237CC68-6F67-2A6F-6B7F-89AD2B863A39">
<createdBy>Razvan BIZOÏ</createdBy>
<createdTime>2023-11-22 12:44:16 UTC</createdTime>
<ownerDesignName>schema</ownerDesignName>
</ForeignKey>
<ForeignKey class="oracle.dbtools.crest.model.design.storage.oracle.v10g.FKProxyOraclev10g" name="FK_TACHE_FINI_REF_REFUTILISATEUR" id="C7517632-8B37-8B20-6B98-905D93482B59">
<createdBy>Razvan BIZOÏ</createdBy>
<createdTime>2023-11-22 12:44:16 UTC</createdTime>
<ownerDesignName>schema</ownerDesignName>
</ForeignKey>
</foreignKeys>
<primaryKeys>
<PrimaryKey class="oracle.dbtools.crest.model.design.storage.oracle.v10g.PKProxyOraclev10g" name="TACHE_FINI_PK" id="CE9D05D3-1744-CE30-61A9-F3DAA09D1264">
<createdBy>Razvan BIZOÏ</createdBy>
<createdTime>2023-11-22 12:44:15 UTC</createdTime>
<ownerDesignName>schema</ownerDesignName>
<segment>F5F5B6B3-2814-E646-9FD2-5B5B4AED269A</segment>
<tableSpace>3AD53EC4-886F-E5D0-805D-E79872AD190C</tableSpace>
<indexSegment>F5F5B6B3-2814-E646-9FD2-5B5B4AED269A</indexSegment>
<indexSort>SORTED</indexSort>
<usingIndex>BY INDEX NAME</usingIndex>
</PrimaryKey>
</primaryKeys>
</TableProxyOraclev12c>