<?xml version = '1.0' encoding = 'UTF-8'?>
<TableProxyOraclev12c class="oracle.dbtools.crest.model.design.storage.oracle.v12c.TableProxyOraclev12c" name="TACHE_APPARTENANT_A_LISTE" directorySegmentName="seg_0" id="AA07998E-A6D9-7434-7A9C-B4D709AB8ACB">
<createdBy>Razvan BIZOÏ</createdBy>
<createdTime>2023-11-22 12:44:15 UTC</createdTime>
<ownerDesignName>schema</ownerDesignName>
<dataSegmentCompression>YES</dataSegmentCompression>
<logging>YES</logging>
<partitionedRowMovement>DISABLE</partitionedRowMovement>
<segment>E5553AAF-833F-684E-DABF-9DEDB27B12F4</segment>
<tableSpace>3AD53EC4-886F-E5D0-805D-E79872AD190C</tableSpace>
<temporaryChanged>false</temporaryChanged>
<accessDriverType>oracle_loader</accessDriverType>
<rejectLimit></rejectLimit>
<compressionType>BASIC</compressionType>
<inMemory>NO</inMemory>
<columnProxies itemClass="oracle.dbtools.crest.model.design.storage.oracle.v12c.ColumnProxyOraclev12c">
<ColumnProxy name="REF_TACHE" id="70F9D709-DC31-CE11-3848-841F2E15735C">
<createdBy>Razvan BIZOÏ</createdBy>
<createdTime>2023-11-22 12:44:15 UTC</createdTime>
<ownerDesignName>schema</ownerDesignName>
</ColumnProxy>
<ColumnProxy name="REF_LISTE" id="9A9E895A-8509-D766-9F89-F89A1218BABC">
<createdBy>Razvan BIZOÏ</createdBy>
<createdTime>2023-11-22 12:44:15 UTC</createdTime>
<ownerDesignName>schema</ownerDesignName>
</ColumnProxy>
</columnProxies>
<foreignKeys>
<ForeignKey class="oracle.dbtools.crest.model.design.storage.oracle.v10g.FKProxyOraclev10g" name="FK_TACHELISTE_REFLISTE" id="2BB8EADB-711A-F489-9AAB-BA947E48C914">
<createdBy>Razvan BIZOÏ</createdBy>
<createdTime>2023-11-22 12:44:16 UTC</createdTime>
<ownerDesignName>schema</ownerDesignName>
</ForeignKey>
<ForeignKey class="oracle.dbtools.crest.model.design.storage.oracle.v10g.FKProxyOraclev10g" name="FK_TACHELISTE_REFTACHE" id="301E6D94-6C97-5B33-61E4-0E7C98F1F949">
<createdBy>Razvan BIZOÏ</createdBy>
<createdTime>2023-11-22 12:44:16 UTC</createdTime>
<ownerDesignName>schema</ownerDesignName>
</ForeignKey>
</foreignKeys>
<primaryKeys>
<PrimaryKey class="oracle.dbtools.crest.model.design.storage.oracle.v10g.PKProxyOraclev10g" name="TACHE_APPARTENANT_A_LISTE_PK" id="6FC6C847-B4EE-4ACA-6B68-08F4785855FC">
<createdBy>Razvan BIZOÏ</createdBy>
<createdTime>2023-11-22 12:44:15 UTC</createdTime>
<ownerDesignName>schema</ownerDesignName>
<segment>F5F5B6B3-2814-E646-9FD2-5B5B4AED269A</segment>
<tableSpace>3AD53EC4-886F-E5D0-805D-E79872AD190C</tableSpace>
<indexSegment>F5F5B6B3-2814-E646-9FD2-5B5B4AED269A</indexSegment>
<indexSort>SORTED</indexSort>
<usingIndex>BY INDEX NAME</usingIndex>
</PrimaryKey>
</primaryKeys>
</TableProxyOraclev12c>