<?xml version = '1.0' encoding = 'UTF-8'?>
<TableProxyOraclev12c class="oracle.dbtools.crest.model.design.storage.oracle.v12c.TableProxyOraclev12c" name="SCORE_CATEGORIE_TACHE" directorySegmentName="seg_0" id="FC04BF8F-08A7-5298-B8EB-4325F280B7B5">
<createdBy>Razvan BIZOÏ</createdBy>
<createdTime>2023-11-22 12:44:15 UTC</createdTime>
<ownerDesignName>schema</ownerDesignName>
<dataSegmentCompression>YES</dataSegmentCompression>
<logging>YES</logging>
<partitionedRowMovement>DISABLE</partitionedRowMovement>
<segment>E5553AAF-833F-684E-DABF-9DEDB27B12F4</segment>
<tableSpace>3AD53EC4-886F-E5D0-805D-E79872AD190C</tableSpace>
<temporaryChanged>false</temporaryChanged>
<accessDriverType>oracle_loader</accessDriverType>
<rejectLimit></rejectLimit>
<compressionType>BASIC</compressionType>
<inMemory>NO</inMemory>
<columnProxies itemClass="oracle.dbtools.crest.model.design.storage.oracle.v12c.ColumnProxyOraclev12c">
<ColumnProxy name="TERMINE" id="06892074-84B9-FB72-1DFB-B3BC70321AB4">
<createdBy>Razvan BIZOÏ</createdBy>
<createdTime>2023-11-22 12:44:15 UTC</createdTime>
<ownerDesignName>schema</ownerDesignName>
</ColumnProxy>
<ColumnProxy name="REF_SCORE_CATEGORIE_TACHE" id="0B97B028-3239-526A-129D-6D12F41CF298">
<createdBy>Razvan BIZOÏ</createdBy>
<createdTime>2023-11-22 12:44:15 UTC</createdTime>
<ownerDesignName>schema</ownerDesignName>
</ColumnProxy>
<ColumnProxy name="NOM_CATEGORIE" id="40B79D9A-90A7-5D30-44F4-A733ACE9AEE5">
<createdBy>Razvan BIZOÏ</createdBy>
<createdTime>2023-11-22 12:44:15 UTC</createdTime>
<ownerDesignName>schema</ownerDesignName>
</ColumnProxy>
<ColumnProxy name="SCORE" id="BF1707F5-465C-C5B4-40BC-7C2B74AED7CC">
<createdBy>Razvan BIZOÏ</createdBy>
<createdTime>2023-11-22 12:44:15 UTC</createdTime>
<ownerDesignName>schema</ownerDesignName>
</ColumnProxy>
</columnProxies>
<primaryKeys>
<PrimaryKey class="oracle.dbtools.crest.model.design.storage.oracle.v10g.PKProxyOraclev10g" name="SCORE_CATEGORIE_TACHE_PK" id="708FDA82-5EC8-B8FC-D33F-C2AF22306738">
<createdBy>Razvan BIZOÏ</createdBy>
<createdTime>2023-11-22 12:44:15 UTC</createdTime>
<ownerDesignName>schema</ownerDesignName>
<segment>F5F5B6B3-2814-E646-9FD2-5B5B4AED269A</segment>
<tableSpace>3AD53EC4-886F-E5D0-805D-E79872AD190C</tableSpace>
<indexSegment>F5F5B6B3-2814-E646-9FD2-5B5B4AED269A</indexSegment>
<indexSort>SORTED</indexSort>
<usingIndex>BY INDEX NAME</usingIndex>
</PrimaryKey>
</primaryKeys>
</TableProxyOraclev12c>