<?xml version = '1.0' encoding = 'UTF-8'?>
<Diagram class="oracle.dbtools.crest.swingui.relational.DPVRelational" name="Relational_1" id="5E758CFB-05F3-74A7-4F03-1FC499F22F74">
<createdBy>Razvan BIZOÏ</createdBy>
<modifiedBy>Razvan BIZOÏ</modifiedBy>
<createdTime>2023-11-22 12:44:14 UTC</createdTime>
<autoRoute>false</autoRoute>
<boxInbox>true</boxInbox>
<showLegend>false</showLegend>
<showLabels>false</showLabels>
<showRelAttributes>false</showRelAttributes>
<gridEnabled>false</gridEnabled>
<showGrid>false</showGrid>
<diagramColor>-1</diagramColor>
<display>false</display>
<notation>1</notation>
<objectViews>
<OView class="oracle.dbtools.crest.swingui.relational.TVTable" oid="1535B5CA-6545-9136-ABD8-0D5AADED381B" otype="Table" vid="18947993-2B1C-F544-AA70-5F2315AC5B59">
<hideElementsInCurrentOnly>false</hideElementsInCurrentOnly>
<bounds x="52" y="481" width="186" height="60"/>
</OView>
<OView class="oracle.dbtools.crest.swingui.relational.TVTable" oid="29240E0B-6457-896A-E211-F4E8A4C8AB5C" otype="Table" vid="8BA78481-8F45-07C1-490F-0B7DC9F87258">
<hideElementsInCurrentOnly>false</hideElementsInCurrentOnly>
<bounds x="743" y="689" width="316" height="108"/>
</OView>
<OView class="oracle.dbtools.crest.swingui.relational.TVTable" oid="4535636C-A6FF-5EEE-B1A8-4F2ED91993E2" otype="Table" vid="ABF2C60D-762B-0CFF-5484-9B99AC17AE04">
<hideElementsInCurrentOnly>false</hideElementsInCurrentOnly>
<bounds x="795" y="429" width="285" height="214"/>
</OView>
<OView class="oracle.dbtools.crest.swingui.relational.TVTable" oid="62933369-8408-1C66-E949-046EF40D2ACA" otype="Table" vid="19640347-671B-F351-0F8F-CD766747A130">
<hideElementsInCurrentOnly>false</hideElementsInCurrentOnly>
<bounds x="944" y="58" width="422" height="94"/>
</OView>
<OView class="oracle.dbtools.crest.swingui.relational.TVTable" oid="6391DC5D-CBE0-5B3C-52B6-3DBDFA369051" otype="Table" vid="D5896BFF-FD22-12C4-77B7-BEC36319B549">
<hideElementsInCurrentOnly>false</hideElementsInCurrentOnly>
<bounds x="1145" y="499" width="308" height="94"/>
</OView>
<OView class="oracle.dbtools.crest.swingui.relational.TVTable" oid="776135E4-3865-2BEF-FE02-9E4F0281A52A" otype="Table" vid="043B0540-E13A-E244-A393-E8DE704D46E4">
<hideElementsInCurrentOnly>false</hideElementsInCurrentOnly>
<bounds x="379" y="519" width="324" height="108"/>
</OView>
<OView class="oracle.dbtools.crest.swingui.relational.TVTable" oid="867286D0-172C-1DA4-5C68-07C9AF0E7732" otype="Table" vid="9435E52E-36A1-5107-BFCB-B8E134CED391">
<hideElementsInCurrentOnly>false</hideElementsInCurrentOnly>
<bounds x="36" y="143" width="348" height="248"/>
</OView>
<OView class="oracle.dbtools.crest.swingui.relational.TVTable" oid="8CE3D233-CE5A-FCE7-CFED-3528EEB6B33A" otype="Table" vid="51115B6D-44DF-EFE4-73E5-E1556E8A2307">
<hideElementsInCurrentOnly>false</hideElementsInCurrentOnly>
<bounds x="11" y="608" width="278" height="108"/>
</OView>
<OView class="oracle.dbtools.crest.swingui.relational.TVTable" oid="96DDFA3F-CA6E-3A72-A27B-37231BE69336" otype="Table" vid="2797D9E3-055D-96AB-FFF2-C797FFF896FB">
<hideElementsInCurrentOnly>false</hideElementsInCurrentOnly>
<bounds x="1130" y="705" width="250" height="94"/>
</OView>
<OView class="oracle.dbtools.crest.swingui.relational.TVTable" oid="9CF124B5-AAF4-E746-76BE-AE80A95A4E0F" otype="Table" vid="C83FB852-391B-9054-1DB5-B2DACEF7E01A">
<hideElementsInCurrentOnly>false</hideElementsInCurrentOnly>
<bounds x="317" y="0" width="290" height="102"/>
</OView>
<OView class="oracle.dbtools.crest.swingui.relational.TVTable" oid="9E363CD4-A692-A9C9-8201-8B8E73D322D4" otype="Table" vid="956FD19C-5E39-D80D-1660-0ACF73C2C471">
<hideElementsInCurrentOnly>false</hideElementsInCurrentOnly>
<bounds x="537" y="136" width="337" height="248"/>
</OView>
<OView class="oracle.dbtools.crest.swingui.relational.TVTable" oid="AA07998E-A6D9-7434-7A9C-B4D709AB8ACB" otype="Table" vid="098591BE-0900-57FE-2F16-F8A41D94B4DF">
<hideElementsInCurrentOnly>false</hideElementsInCurrentOnly>
<bounds x="319" y="681" width="354" height="108"/>
</OView>
<OView class="oracle.dbtools.crest.swingui.relational.TVTable" oid="FC04BF8F-08A7-5298-B8EB-4325F280B7B5" otype="Table" vid="0C3B3360-2FF0-378F-DA85-A40ADAC57D5C">
<hideElementsInCurrentOnly>false</hideElementsInCurrentOnly>
<bounds x="949" y="224" width="378" height="102"/>
</OView>
</objectViews>
<connectors>
<Connector class="oracle.dbtools.crest.swingui.relational.TVFKRelation" oid="110C20C8-2B27-1DFF-6DAC-D978FCB0F359" otype="FKIndexAssociation" vid_source="ABF2C60D-762B-0CFF-5484-9B99AC17AE04" vid_target="8BA78481-8F45-07C1-490F-0B7DC9F87258">
<hideElementsInCurrentOnly>false</hideElementsInCurrentOnly>
<backgroundColor>-16777216</backgroundColor>
<lineWidth>1</lineWidth>
<points>
<point x="927" y="643"/>
<point x="927" y="689"/>
</points>
</Connector>
<Connector class="oracle.dbtools.crest.swingui.relational.TVFKRelation" oid="2B3B4DC7-287E-E5A5-B630-4939C1258121" otype="FKIndexAssociation" vid_source="8BA78481-8F45-07C1-490F-0B7DC9F87258" vid_target="2797D9E3-055D-96AB-FFF2-C797FFF896FB">
<hideElementsInCurrentOnly>false</hideElementsInCurrentOnly>
<backgroundColor>-16777216</backgroundColor>
<lineWidth>1</lineWidth>
<points>
<point x="1059" y="751"/>
<point x="1130" y="751"/>
</points>
</Connector>
<Connector class="oracle.dbtools.crest.swingui.relational.TVFKRelation" oid="2C6E226B-83EA-AD0F-D057-2CDDAB02220E" otype="FKIndexAssociation" vid_source="18947993-2B1C-F544-AA70-5F2315AC5B59" vid_target="098591BE-0900-57FE-2F16-F8A41D94B4DF">
<hideElementsInCurrentOnly>false</hideElementsInCurrentOnly>
<backgroundColor>-16777216</backgroundColor>
<lineWidth>1</lineWidth>
<points>
<point x="192" y="541"/>
<point x="411" y="681"/>
</points>
</Connector>
<Connector class="oracle.dbtools.crest.swingui.relational.TVFKRelation" oid="47310A4B-6A07-E70B-0F94-7880A80A5732" otype="FKIndexAssociation" vid_source="C83FB852-391B-9054-1DB5-B2DACEF7E01A" vid_target="956FD19C-5E39-D80D-1660-0ACF73C2C471">
<hideElementsInCurrentOnly>false</hideElementsInCurrentOnly>
<backgroundColor>-16777216</backgroundColor>
<lineWidth>1</lineWidth>
<points>
<point x="572" y="102"/>
<point x="572" y="136"/>
</points>
</Connector>
<Connector class="oracle.dbtools.crest.swingui.relational.TVFKRelation" oid="53C2C976-91C5-0E80-C8A9-87D72574A173" otype="FKIndexAssociation" vid_source="8BA78481-8F45-07C1-490F-0B7DC9F87258" vid_target="098591BE-0900-57FE-2F16-F8A41D94B4DF">
<hideElementsInCurrentOnly>false</hideElementsInCurrentOnly>
<backgroundColor>-16777216</backgroundColor>
<lineWidth>1</lineWidth>
<points>
<point x="743" y="739"/>
<point x="673" y="739"/>
</points>
</Connector>
<Connector class="oracle.dbtools.crest.swingui.relational.TVFKRelation" oid="6389496E-1AD7-BA74-2CB2-21CBE7194FE1" otype="FKIndexAssociation" vid_source="ABF2C60D-762B-0CFF-5484-9B99AC17AE04" vid_target="D5896BFF-FD22-12C4-77B7-BEC36319B549">
<hideElementsInCurrentOnly>false</hideElementsInCurrentOnly>
<backgroundColor>-16777216</backgroundColor>
<lineWidth>1</lineWidth>
<points>
<point x="1080" y="546"/>
<point x="1145" y="546"/>
</points>
</Connector>
<Connector class="oracle.dbtools.crest.swingui.relational.TVFKRelation" oid="65AA5F54-9B66-E23D-BCCB-E25FDDAB3521" otype="FKIndexAssociation" vid_source="18947993-2B1C-F544-AA70-5F2315AC5B59" vid_target="043B0540-E13A-E244-A393-E8DE704D46E4">
<hideElementsInCurrentOnly>false</hideElementsInCurrentOnly>
<backgroundColor>-16777216</backgroundColor>
<lineWidth>1</lineWidth>
<points>
<point x="238" y="530"/>
<point x="379" y="530"/>
</points>
</Connector>
<Connector class="oracle.dbtools.crest.swingui.relational.TVFKRelation" oid="7174977A-6848-8348-3C98-1C441827EC17" otype="FKIndexAssociation" vid_source="18947993-2B1C-F544-AA70-5F2315AC5B59" vid_target="956FD19C-5E39-D80D-1660-0ACF73C2C471">
<hideElementsInCurrentOnly>false</hideElementsInCurrentOnly>
<backgroundColor>-16777216</backgroundColor>
<lineWidth>1</lineWidth>
<points>
<point x="211" y="481"/>
<point x="537" y="358"/>
</points>
</Connector>
<Connector class="oracle.dbtools.crest.swingui.relational.TVFKRelation" oid="725D181D-10AE-5ECE-49E0-2ED23AF336A0" otype="FKIndexAssociation" vid_source="ABF2C60D-762B-0CFF-5484-9B99AC17AE04" vid_target="956FD19C-5E39-D80D-1660-0ACF73C2C471">
<hideElementsInCurrentOnly>false</hideElementsInCurrentOnly>
<backgroundColor>-16777216</backgroundColor>
<lineWidth>1</lineWidth>
<points>
<point x="834" y="429"/>
<point x="834" y="384"/>
</points>
</Connector>
<Connector class="oracle.dbtools.crest.swingui.relational.TVFKRelation" oid="8EE14FA0-FB64-BE03-409B-E25FD95C07CD" otype="FKIndexAssociation" vid_source="18947993-2B1C-F544-AA70-5F2315AC5B59" vid_target="51115B6D-44DF-EFE4-73E5-E1556E8A2307">
<hideElementsInCurrentOnly>false</hideElementsInCurrentOnly>
<backgroundColor>-16777216</backgroundColor>
<lineWidth>1</lineWidth>
<points>
<point x="160" y="541"/>
<point x="160" y="608"/>
</points>
</Connector>
<Connector class="oracle.dbtools.crest.swingui.relational.TVFKRelation" oid="CC2B8231-900D-ECBA-495E-733E51D1377F" otype="FKIndexAssociation" vid_source="C83FB852-391B-9054-1DB5-B2DACEF7E01A" vid_target="9435E52E-36A1-5107-BFCB-B8E134CED391">
<hideElementsInCurrentOnly>false</hideElementsInCurrentOnly>
<backgroundColor>-16777216</backgroundColor>
<lineWidth>1</lineWidth>
<points>
<point x="350" y="102"/>
<point x="350" y="143"/>
</points>
</Connector>
<Connector class="oracle.dbtools.crest.swingui.relational.TVFKRelation" oid="CEE7D04F-C640-E560-2085-1019E9F742FD" otype="FKIndexAssociation" vid_source="18947993-2B1C-F544-AA70-5F2315AC5B59" vid_target="9435E52E-36A1-5107-BFCB-B8E134CED391">
<hideElementsInCurrentOnly>false</hideElementsInCurrentOnly>
<backgroundColor>-16777216</backgroundColor>
<lineWidth>1</lineWidth>
<points>
<point x="145" y="481"/>
<point x="189" y="391"/>
</points>
</Connector>
<Connector class="oracle.dbtools.crest.swingui.relational.TVFKRelation" oid="D17DCF36-1A4B-E6C5-C20E-F8CB4A59C533" otype="FKIndexAssociation" vid_source="0C3B3360-2FF0-378F-DA85-A40ADAC57D5C" vid_target="19640347-671B-F351-0F8F-CD766747A130">
<hideElementsInCurrentOnly>false</hideElementsInCurrentOnly>
<backgroundColor>-16777216</backgroundColor>
<lineWidth>1</lineWidth>
<points>
<point x="1138" y="224"/>
<point x="1138" y="152"/>
</points>
</Connector>
<Connector class="oracle.dbtools.crest.swingui.relational.TVFKRelation" oid="EC028602-ECC8-7655-3A72-3E6EFB9CDC5F" otype="FKIndexAssociation" vid_source="ABF2C60D-762B-0CFF-5484-9B99AC17AE04" vid_target="9435E52E-36A1-5107-BFCB-B8E134CED391">
<hideElementsInCurrentOnly>false</hideElementsInCurrentOnly>
<backgroundColor>-16777216</backgroundColor>
<lineWidth>1</lineWidth>
<points>
<point x="795" y="483"/>
<point x="384" y="331"/>
</points>
</Connector>
<Connector class="oracle.dbtools.crest.swingui.relational.TVFKRelation" oid="FF21E8B3-F13E-027C-25C2-E120708CAC0B" otype="FKIndexAssociation" vid_source="ABF2C60D-762B-0CFF-5484-9B99AC17AE04" vid_target="043B0540-E13A-E244-A393-E8DE704D46E4">
<hideElementsInCurrentOnly>false</hideElementsInCurrentOnly>
<backgroundColor>-16777216</backgroundColor>
<lineWidth>1</lineWidth>
<points>
<point x="795" y="573"/>
<point x="703" y="573"/>
</points>
</Connector>
<Connector class="oracle.dbtools.crest.swingui.relational.TVFKRelation" oid="FFA13EF9-3C29-6C06-7874-9F3A9E9874A2" otype="FKIndexAssociation" vid_source="18947993-2B1C-F544-AA70-5F2315AC5B59" vid_target="51115B6D-44DF-EFE4-73E5-E1556E8A2307">
<hideElementsInCurrentOnly>false</hideElementsInCurrentOnly>
<backgroundColor>-16777216</backgroundColor>
<lineWidth>1</lineWidth>
<points>
<point x="145" y="541"/>
<point x="145" y="608"/>
</points>
</Connector>
</connectors>
</Diagram>