<?xml version = '1.0' encoding = 'UTF-8'?>
<Table class="oracle.dbtools.crest.model.design.relational.Table" directorySegmentName="seg_0" id="29240E0B-6457-896A-E211-F4E8A4C8AB5C" name="LISTE_TACHE">
<sourceConnName>stagiaire</sourceConnName>
<sourceObjSchema>STAG26</sourceObjSchema>
<sourceObjName>LISTE_TACHE</sourceObjName>
<createdBy>Razvan BIZOÏ</createdBy>
<createdTime>2023-11-22 12:44:15 UTC</createdTime>
<ownerDesignName>schema</ownerDesignName>
<allowColumnReorder>false</allowColumnReorder>
<existDependencyGenerateInDDl>true</existDependencyGenerateInDDl>
<parsed>true</parsed>
<columns itemClass="oracle.dbtools.crest.model.design.relational.Column">
<Column name="REF_LISTE" id="CBCA8E51-C29F-1DFF-D301-F4F2B03698EE">
<sourceConnName>stagiaire</sourceConnName>
<sourceObjSchema>LISTE_TACHE</sourceObjSchema>
<sourceObjName>REF_LISTE</sourceObjName>
<createdBy>Razvan BIZOÏ</createdBy>
<createdTime>2023-11-22 12:44:15 UTC</createdTime>
<ownerDesignName>schema</ownerDesignName>
<useDomainConstraints>false</useDomainConstraints>
<use>1</use>
<logicalDatatype>LOGDT019</logicalDatatype>
<dataTypePrecision>*</dataTypePrecision>
<dataTypeScale>0</dataTypeScale>
<ownDataTypeParameters>,*,0</ownDataTypeParameters>
<autoIncrementCycle>false</autoIncrementCycle>
</Column>
<Column name="NOM_CATEGORIE" id="C1A774F1-FAE3-4ACB-C054-E2C8E0D93136">
<sourceConnName>stagiaire</sourceConnName>
<sourceObjSchema>LISTE_TACHE</sourceObjSchema>
<sourceObjName>NOM_CATEGORIE</sourceObjName>
<createdBy>Razvan BIZOÏ</createdBy>
<createdTime>2023-11-22 12:44:15 UTC</createdTime>
<ownerDesignName>schema</ownerDesignName>
<useDomainConstraints>false</useDomainConstraints>
<use>1</use>
<logicalDatatype>LOGDT024</logicalDatatype>
<dataTypeSize>255 BYTE</dataTypeSize>
<ownDataTypeParameters>255 BYTE,,</ownDataTypeParameters>
<autoIncrementCycle>false</autoIncrementCycle>
</Column>
<Column name="REF_UTILISATEUR" id="EC260C38-387D-1D12-F62D-B76FB26F19C3">
<sourceConnName>stagiaire</sourceConnName>
<sourceObjSchema>LISTE_TACHE</sourceObjSchema>
<sourceObjName>REF_UTILISATEUR</sourceObjName>
<createdBy>Razvan BIZOÏ</createdBy>
<createdTime>2023-11-22 12:44:15 UTC</createdTime>
<ownerDesignName>schema</ownerDesignName>
<useDomainConstraints>false</useDomainConstraints>
<use>1</use>
<logicalDatatype>LOGDT019</logicalDatatype>
<dataTypePrecision>*</dataTypePrecision>
<dataTypeScale>0</dataTypeScale>
<ownDataTypeParameters>,*,0</ownDataTypeParameters>
<autoIncrementCycle>false</autoIncrementCycle>
<associations>
<colAssociation fkAssociation="110C20C8-2B27-1DFF-6DAC-D978FCB0F359" referredColumn="BF8D0506-EE3F-384F-3AF3-E1B116F79BD0"/>
</associations>
</Column>
</columns>
<indexes itemClass="oracle.dbtools.crest.model.design.relational.Index">
<ind_PK_UK id="D0596FDB-5F3D-193B-3549-454C1662F599" name="LISTE_TACHE_PK">
<sourceConnName>stagiaire</sourceConnName>
<sourceObjSchema>STAG26</sourceObjSchema>
<sourceObjName>SYS_C00206392</sourceObjName>
<createdBy>Razvan BIZOÏ</createdBy>
<createdTime>2023-11-22 12:44:15 UTC</createdTime>
<ownerDesignName>schema</ownerDesignName>
<pk>true</pk>
<indexState>Primary Constraint</indexState>
<isSurrogateKey>false</isSurrogateKey>
<indexColumnUsage>
<colUsage columnID="CBCA8E51-C29F-1DFF-D301-F4F2B03698EE"/>
</indexColumnUsage>
</ind_PK_UK>
<ind_PK_UK id="FBD5C1CC-234A-BE0B-EB93-74F02EDB8FB5" name="FK_LISTETACHE_REFUTILISATEUR">
<createdBy>Razvan BIZOÏ</createdBy>
<createdTime>2023-11-22 12:44:16 UTC</createdTime>
<ownerDesignName>schema</ownerDesignName>
<indexState>Foreign Key</indexState>
<isSurrogateKey>false</isSurrogateKey>
<indexColumnUsage>
<colUsage columnID="EC260C38-387D-1D12-F62D-B76FB26F19C3"/>
</indexColumnUsage>
</ind_PK_UK>
</indexes>
</Table>