<?xml version = '1.0' encoding = 'UTF-8'?>
<Table class="oracle.dbtools.crest.model.design.relational.Table" directorySegmentName="seg_0" id="62933369-8408-1C66-E949-046EF40D2ACA" name="COMPORTE">
<sourceConnName>stagiaire</sourceConnName>
<sourceObjSchema>STAG26</sourceObjSchema>
<sourceObjName>COMPORTE</sourceObjName>
<createdBy>Razvan BIZOÏ</createdBy>
<createdTime>2023-11-22 12:44:15 UTC</createdTime>
<ownerDesignName>schema</ownerDesignName>
<allowColumnReorder>false</allowColumnReorder>
<existDependencyGenerateInDDl>true</existDependencyGenerateInDDl>
<parsed>true</parsed>
<columns itemClass="oracle.dbtools.crest.model.design.relational.Column">
<Column name="NOM_PROGRAMME" id="3340A96F-9EDA-21D0-CDDC-388386C8B195">
<sourceConnName>stagiaire</sourceConnName>
<sourceObjSchema>COMPORTE</sourceObjSchema>
<sourceObjName>NOM_PROGRAMME</sourceObjName>
<createdBy>Razvan BIZOÏ</createdBy>
<createdTime>2023-11-22 12:44:15 UTC</createdTime>
<ownerDesignName>schema</ownerDesignName>
<useDomainConstraints>false</useDomainConstraints>
<use>1</use>
<logicalDatatype>LOGDT024</logicalDatatype>
<dataTypeSize>255 BYTE</dataTypeSize>
<ownDataTypeParameters>255 BYTE,,</ownDataTypeParameters>
<autoIncrementCycle>false</autoIncrementCycle>
</Column>
<Column name="REF_SCORE_CATEGORIE_TACHE" id="ECAA9670-D17B-619B-94E5-8E2EE0B394AC">
<sourceConnName>stagiaire</sourceConnName>
<sourceObjSchema>COMPORTE</sourceObjSchema>
<sourceObjName>REF_SCORE_CATEGORIE_TACHE</sourceObjName>
<createdBy>Razvan BIZOÏ</createdBy>
<createdTime>2023-11-22 12:44:15 UTC</createdTime>
<ownerDesignName>schema</ownerDesignName>
<useDomainConstraints>false</useDomainConstraints>
<use>1</use>
<logicalDatatype>LOGDT024</logicalDatatype>
<dataTypeSize>255 BYTE</dataTypeSize>
<ownDataTypeParameters>255 BYTE,,</ownDataTypeParameters>
<autoIncrementCycle>false</autoIncrementCycle>
<associations>
<colAssociation fkAssociation="D17DCF36-1A4B-E6C5-C20E-F8CB4A59C533" referredColumn="0B97B028-3239-526A-129D-6D12F41CF298"/>
</associations>
</Column>
</columns>
<indexes itemClass="oracle.dbtools.crest.model.design.relational.Index">
<ind_PK_UK id="49020751-E652-755A-200B-194AC91CE583" name="COMPORTE_PK">
<sourceConnName>stagiaire</sourceConnName>
<sourceObjSchema>STAG26</sourceObjSchema>
<sourceObjName>SYS_C00206379</sourceObjName>
<createdBy>Razvan BIZOÏ</createdBy>
<createdTime>2023-11-22 12:44:15 UTC</createdTime>
<ownerDesignName>schema</ownerDesignName>
<pk>true</pk>
<indexState>Primary Constraint</indexState>
<isSurrogateKey>false</isSurrogateKey>
<indexColumnUsage>
<colUsage columnID="3340A96F-9EDA-21D0-CDDC-388386C8B195"/>
<colUsage columnID="ECAA9670-D17B-619B-94E5-8E2EE0B394AC"/>
</indexColumnUsage>
</ind_PK_UK>
<ind_PK_UK id="8C215DBF-5DE9-D072-2DD0-4FE6E009192A" name="FK_COMPORTE_REFSCORE_CATEGORIE">
<createdBy>Razvan BIZOÏ</createdBy>
<createdTime>2023-11-22 12:44:16 UTC</createdTime>
<ownerDesignName>schema</ownerDesignName>
<indexState>Foreign Key</indexState>
<isSurrogateKey>false</isSurrogateKey>
<indexColumnUsage>
<colUsage columnID="ECAA9670-D17B-619B-94E5-8E2EE0B394AC"/>
</indexColumnUsage>
</ind_PK_UK>
</indexes>
</Table>