<?xml version = '1.0' encoding = 'UTF-8'?>
<Table class="oracle.dbtools.crest.model.design.relational.Table" directorySegmentName="seg_0" id="6391DC5D-CBE0-5B3C-52B6-3DBDFA369051" name="TRAVAILLE">
<sourceConnName>stagiaire</sourceConnName>
<sourceObjSchema>STAG26</sourceObjSchema>
<sourceObjName>TRAVAILLE</sourceObjName>
<createdBy>Razvan BIZOÏ</createdBy>
<createdTime>2023-11-22 12:44:15 UTC</createdTime>
<ownerDesignName>schema</ownerDesignName>
<allowColumnReorder>false</allowColumnReorder>
<existDependencyGenerateInDDl>true</existDependencyGenerateInDDl>
<parsed>true</parsed>
<columns itemClass="oracle.dbtools.crest.model.design.relational.Column">
<Column name="NOM_PROJET" id="4821FDA5-3D12-AFDC-1C92-7C4C4267DF78">
<sourceConnName>stagiaire</sourceConnName>
<sourceObjSchema>TRAVAILLE</sourceObjSchema>
<sourceObjName>NOM_PROJET</sourceObjName>
<createdBy>Razvan BIZOÏ</createdBy>
<createdTime>2023-11-22 12:44:15 UTC</createdTime>
<ownerDesignName>schema</ownerDesignName>
<useDomainConstraints>false</useDomainConstraints>
<use>1</use>
<logicalDatatype>LOGDT024</logicalDatatype>
<dataTypeSize>255 BYTE</dataTypeSize>
<ownDataTypeParameters>255 BYTE,,</ownDataTypeParameters>
<autoIncrementCycle>false</autoIncrementCycle>
</Column>
<Column name="REF_UTILISATEUR" id="6443A95F-6097-4726-6C2E-0D6F2232081E">
<sourceConnName>stagiaire</sourceConnName>
<sourceObjSchema>TRAVAILLE</sourceObjSchema>
<sourceObjName>REF_UTILISATEUR</sourceObjName>
<createdBy>Razvan BIZOÏ</createdBy>
<createdTime>2023-11-22 12:44:15 UTC</createdTime>
<ownerDesignName>schema</ownerDesignName>
<useDomainConstraints>false</useDomainConstraints>
<use>1</use>
<logicalDatatype>LOGDT019</logicalDatatype>
<dataTypePrecision>*</dataTypePrecision>
<dataTypeScale>0</dataTypeScale>
<ownDataTypeParameters>,*,0</ownDataTypeParameters>
<autoIncrementCycle>false</autoIncrementCycle>
<associations>
<colAssociation fkAssociation="6389496E-1AD7-BA74-2CB2-21CBE7194FE1" referredColumn="BF8D0506-EE3F-384F-3AF3-E1B116F79BD0"/>
</associations>
</Column>
</columns>
<indexes itemClass="oracle.dbtools.crest.model.design.relational.Index">
<ind_PK_UK id="F8AA85C4-CCC1-63F9-57FF-826237339856" name="TRAVAILLE_PK">
<sourceConnName>stagiaire</sourceConnName>
<sourceObjSchema>STAG26</sourceObjSchema>
<sourceObjName>SYS_C00206415</sourceObjName>
<createdBy>Razvan BIZOÏ</createdBy>
<createdTime>2023-11-22 12:44:15 UTC</createdTime>
<ownerDesignName>schema</ownerDesignName>
<pk>true</pk>
<indexState>Primary Constraint</indexState>
<isSurrogateKey>false</isSurrogateKey>
<indexColumnUsage>
<colUsage columnID="4821FDA5-3D12-AFDC-1C92-7C4C4267DF78"/>
<colUsage columnID="6443A95F-6097-4726-6C2E-0D6F2232081E"/>
</indexColumnUsage>
</ind_PK_UK>
<ind_PK_UK id="F6589E4E-4170-F95C-8A3E-24719FF45E95" name="FK_TRAVAILLE_REFUTILISATEUR">
<createdBy>Razvan BIZOÏ</createdBy>
<createdTime>2023-11-22 12:44:16 UTC</createdTime>
<ownerDesignName>schema</ownerDesignName>
<indexState>Foreign Key</indexState>
<isSurrogateKey>false</isSurrogateKey>
<indexColumnUsage>
<colUsage columnID="6443A95F-6097-4726-6C2E-0D6F2232081E"/>
</indexColumnUsage>
</ind_PK_UK>
</indexes>
</Table>