<?xml version = '1.0' encoding = 'UTF-8'?>
<Table class="oracle.dbtools.crest.model.design.relational.Table" directorySegmentName="seg_0" id="776135E4-3865-2BEF-FE02-9E4F0281A52A" name="EST_ASSIGNE">
<sourceConnName>stagiaire</sourceConnName>
<sourceObjSchema>STAG26</sourceObjSchema>
<sourceObjName>EST_ASSIGNE</sourceObjName>
<createdBy>Razvan BIZOÏ</createdBy>
<createdTime>2023-11-22 12:44:15 UTC</createdTime>
<ownerDesignName>schema</ownerDesignName>
<allowColumnReorder>false</allowColumnReorder>
<existDependencyGenerateInDDl>true</existDependencyGenerateInDDl>
<parsed>true</parsed>
<columns itemClass="oracle.dbtools.crest.model.design.relational.Column">
<Column name="REF_UTILISATEUR" id="CE597C27-5045-E92B-1DAF-A64904F3A17B">
<sourceConnName>stagiaire</sourceConnName>
<sourceObjSchema>EST_ASSIGNE</sourceObjSchema>
<sourceObjName>REF_UTILISATEUR</sourceObjName>
<createdBy>Razvan BIZOÏ</createdBy>
<createdTime>2023-11-22 12:44:15 UTC</createdTime>
<ownerDesignName>schema</ownerDesignName>
<useDomainConstraints>false</useDomainConstraints>
<use>1</use>
<logicalDatatype>LOGDT019</logicalDatatype>
<dataTypePrecision>*</dataTypePrecision>
<dataTypeScale>0</dataTypeScale>
<ownDataTypeParameters>,*,0</ownDataTypeParameters>
<autoIncrementCycle>false</autoIncrementCycle>
<associations>
<colAssociation fkAssociation="FF21E8B3-F13E-027C-25C2-E120708CAC0B" referredColumn="BF8D0506-EE3F-384F-3AF3-E1B116F79BD0"/>
</associations>
</Column>
<Column name="REF_TACHE" id="7797215E-E8FA-64D1-E859-3931318EA8F4">
<sourceConnName>stagiaire</sourceConnName>
<sourceObjSchema>EST_ASSIGNE</sourceObjSchema>
<sourceObjName>REF_TACHE</sourceObjName>
<createdBy>Razvan BIZOÏ</createdBy>
<createdTime>2023-11-22 12:44:15 UTC</createdTime>
<ownerDesignName>schema</ownerDesignName>
<useDomainConstraints>false</useDomainConstraints>
<use>1</use>
<logicalDatatype>LOGDT019</logicalDatatype>
<dataTypePrecision>*</dataTypePrecision>
<dataTypeScale>0</dataTypeScale>
<ownDataTypeParameters>,*,0</ownDataTypeParameters>
<autoIncrementCycle>false</autoIncrementCycle>
<associations>
<colAssociation fkAssociation="65AA5F54-9B66-E23D-BCCB-E25FDDAB3521" referredColumn="2E7BB1C0-8A39-26C2-00D3-B8B32228271A"/>
</associations>
</Column>
</columns>
<indexes itemClass="oracle.dbtools.crest.model.design.relational.Index">
<ind_PK_UK id="092BB2D7-BA14-3B4A-0A1D-3A221783A477" name="EST_ASSIGNE_PK">
<sourceConnName>stagiaire</sourceConnName>
<sourceObjSchema>STAG26</sourceObjSchema>
<sourceObjName>SYS_C00206388</sourceObjName>
<createdBy>Razvan BIZOÏ</createdBy>
<createdTime>2023-11-22 12:44:15 UTC</createdTime>
<ownerDesignName>schema</ownerDesignName>
<pk>true</pk>
<indexState>Primary Constraint</indexState>
<isSurrogateKey>false</isSurrogateKey>
<indexColumnUsage>
<colUsage columnID="CE597C27-5045-E92B-1DAF-A64904F3A17B"/>
<colUsage columnID="7797215E-E8FA-64D1-E859-3931318EA8F4"/>
</indexColumnUsage>
</ind_PK_UK>
<ind_PK_UK id="6857590E-E2D3-48F1-5A6D-ADAF1DCC83BC" name="FK_EST_ASSIGNE_REFTACHE">
<createdBy>Razvan BIZOÏ</createdBy>
<createdTime>2023-11-22 12:44:16 UTC</createdTime>
<ownerDesignName>schema</ownerDesignName>
<indexState>Foreign Key</indexState>
<isSurrogateKey>false</isSurrogateKey>
<indexColumnUsage>
<colUsage columnID="7797215E-E8FA-64D1-E859-3931318EA8F4"/>
</indexColumnUsage>
</ind_PK_UK>
<ind_PK_UK id="9682FBFF-6FC8-052A-09F2-C592304DEE9B" name="FK_EST_ASSIGNE_REFUTILISATEUR">
<createdBy>Razvan BIZOÏ</createdBy>
<createdTime>2023-11-22 12:44:16 UTC</createdTime>
<ownerDesignName>schema</ownerDesignName>
<indexState>Foreign Key</indexState>
<isSurrogateKey>false</isSurrogateKey>
<indexColumnUsage>
<colUsage columnID="CE597C27-5045-E92B-1DAF-A64904F3A17B"/>
</indexColumnUsage>
</ind_PK_UK>
</indexes>
</Table>