<?xml version = '1.0' encoding = 'UTF-8'?>
<Table class="oracle.dbtools.crest.model.design.relational.Table" directorySegmentName="seg_0" id="867286D0-172C-1DA4-5C68-07C9AF0E7732" name="TACHE_EN_COURS">
<sourceConnName>stagiaire</sourceConnName>
<sourceObjSchema>STAG26</sourceObjSchema>
<sourceObjName>TACHE_EN_COURS</sourceObjName>
<createdBy>Razvan BIZOÏ</createdBy>
<createdTime>2023-11-22 12:44:15 UTC</createdTime>
<ownerDesignName>schema</ownerDesignName>
<allowColumnReorder>false</allowColumnReorder>
<existDependencyGenerateInDDl>true</existDependencyGenerateInDDl>
<parsed>true</parsed>
<columns itemClass="oracle.dbtools.crest.model.design.relational.Column">
<Column name="REF_TACHE" id="C89DD2E4-2162-FD43-A8A3-095A01573125">
<sourceConnName>stagiaire</sourceConnName>
<sourceObjSchema>TACHE_EN_COURS</sourceObjSchema>
<sourceObjName>REF_TACHE</sourceObjName>
<createdBy>Razvan BIZOÏ</createdBy>
<createdTime>2023-11-22 12:44:15 UTC</createdTime>
<ownerDesignName>schema</ownerDesignName>
<useDomainConstraints>false</useDomainConstraints>
<use>1</use>
<logicalDatatype>LOGDT019</logicalDatatype>
<dataTypePrecision>*</dataTypePrecision>
<dataTypeScale>0</dataTypeScale>
<ownDataTypeParameters>,*,0</ownDataTypeParameters>
<autoIncrementCycle>false</autoIncrementCycle>
<associations>
<colAssociation fkAssociation="CEE7D04F-C640-E560-2085-1019E9F742FD" referredColumn="2E7BB1C0-8A39-26C2-00D3-B8B32228271A"/>
</associations>
</Column>
<Column name="INTITULE" id="1F3829A8-C801-9CAB-B7CE-1DDBAA6AF9DA">
<sourceConnName>stagiaire</sourceConnName>
<sourceObjSchema>TACHE_EN_COURS</sourceObjSchema>
<sourceObjName>INTITULE</sourceObjName>
<createdBy>Razvan BIZOÏ</createdBy>
<createdTime>2023-11-22 12:44:15 UTC</createdTime>
<ownerDesignName>schema</ownerDesignName>
<nullsAllowed>true</nullsAllowed>
<useDomainConstraints>false</useDomainConstraints>
<use>1</use>
<logicalDatatype>LOGDT024</logicalDatatype>
<dataTypeSize>255 BYTE</dataTypeSize>
<ownDataTypeParameters>255 BYTE,,</ownDataTypeParameters>
<autoIncrementCycle>false</autoIncrementCycle>
</Column>
<Column name="DESCRIPTION" id="02450FEA-8E85-2B9B-D85A-4CEE567AC01C">
<sourceConnName>stagiaire</sourceConnName>
<sourceObjSchema>TACHE_EN_COURS</sourceObjSchema>
<sourceObjName>DESCRIPTION</sourceObjName>
<createdBy>Razvan BIZOÏ</createdBy>
<createdTime>2023-11-22 12:44:15 UTC</createdTime>
<ownerDesignName>schema</ownerDesignName>
<nullsAllowed>true</nullsAllowed>
<useDomainConstraints>false</useDomainConstraints>
<use>1</use>
<logicalDatatype>LOGDT024</logicalDatatype>
<dataTypeSize>4000 BYTE</dataTypeSize>
<ownDataTypeParameters>4000 BYTE,,</ownDataTypeParameters>
<autoIncrementCycle>false</autoIncrementCycle>
</Column>
<Column name="PRIORITE" id="F5DE5747-8E0A-30FC-E8F4-790A25424A07">
<sourceConnName>stagiaire</sourceConnName>
<sourceObjSchema>TACHE_EN_COURS</sourceObjSchema>
<sourceObjName>PRIORITE</sourceObjName>
<createdBy>Razvan BIZOÏ</createdBy>
<createdTime>2023-11-22 12:44:15 UTC</createdTime>
<ownerDesignName>schema</ownerDesignName>
<nullsAllowed>true</nullsAllowed>
<useDomainConstraints>false</useDomainConstraints>
<use>1</use>
<logicalDatatype>LOGDT019</logicalDatatype>
<dataTypePrecision>*</dataTypePrecision>
<dataTypeScale>0</dataTypeScale>
<ownDataTypeParameters>,*,0</ownDataTypeParameters>
<autoIncrementCycle>false</autoIncrementCycle>
</Column>
<Column name="URL" id="D91C52C2-E6C9-BBDA-B4C5-83FEFE1539DE">
<sourceConnName>stagiaire</sourceConnName>
<sourceObjSchema>TACHE_EN_COURS</sourceObjSchema>
<sourceObjName>URL</sourceObjName>
<createdBy>Razvan BIZOÏ</createdBy>
<createdTime>2023-11-22 12:44:15 UTC</createdTime>
<ownerDesignName>schema</ownerDesignName>
<nullsAllowed>true</nullsAllowed>
<useDomainConstraints>false</useDomainConstraints>
<use>1</use>
<logicalDatatype>LOGDT024</logicalDatatype>
<dataTypeSize>2000 BYTE</dataTypeSize>
<ownDataTypeParameters>2000 BYTE,,</ownDataTypeParameters>
<autoIncrementCycle>false</autoIncrementCycle>
</Column>
<Column name="DATE_D_ECHEANCE" id="0EB0B11B-DA9F-7279-1A59-7BE99FA17BF6">
<sourceConnName>stagiaire</sourceConnName>
<sourceObjSchema>TACHE_EN_COURS</sourceObjSchema>
<sourceObjName>DATE_D_ECHEANCE</sourceObjName>
<createdBy>Razvan BIZOÏ</createdBy>
<createdTime>2023-11-22 12:44:15 UTC</createdTime>
<ownerDesignName>schema</ownerDesignName>
<nullsAllowed>true</nullsAllowed>
<useDomainConstraints>false</useDomainConstraints>
<use>1</use>
<logicalDatatype>LOGDT015</logicalDatatype>
<dataTypePrecision>6</dataTypePrecision>
<ownDataTypeParameters>,6,</ownDataTypeParameters>
<autoIncrementCycle>false</autoIncrementCycle>
</Column>
<Column name="STATUT" id="51C104E3-1613-AA7C-938F-227C17A6AE16">
<sourceConnName>stagiaire</sourceConnName>
<sourceObjSchema>TACHE_EN_COURS</sourceObjSchema>
<sourceObjName>STATUT</sourceObjName>
<createdBy>Razvan BIZOÏ</createdBy>
<createdTime>2023-11-22 12:44:15 UTC</createdTime>
<ownerDesignName>schema</ownerDesignName>
<nullsAllowed>true</nullsAllowed>
<useDomainConstraints>false</useDomainConstraints>
<use>1</use>
<logicalDatatype>LOGDT024</logicalDatatype>
<dataTypeSize>8 BYTE</dataTypeSize>
<ownDataTypeParameters>8 BYTE,,</ownDataTypeParameters>
<autoIncrementCycle>false</autoIncrementCycle>
</Column>
<Column name="NOM_CATEGORIE" id="988BADEE-1A11-132C-E41E-DF9EE5462A4F">
<sourceConnName>stagiaire</sourceConnName>
<sourceObjSchema>TACHE_EN_COURS</sourceObjSchema>
<sourceObjName>NOM_CATEGORIE</sourceObjName>
<createdBy>Razvan BIZOÏ</createdBy>
<createdTime>2023-11-22 12:44:15 UTC</createdTime>
<ownerDesignName>schema</ownerDesignName>
<useDomainConstraints>false</useDomainConstraints>
<use>1</use>
<logicalDatatype>LOGDT024</logicalDatatype>
<dataTypeSize>255 BYTE</dataTypeSize>
<ownDataTypeParameters>255 BYTE,,</ownDataTypeParameters>
<autoIncrementCycle>false</autoIncrementCycle>
</Column>
<Column name="REF_PERIODICITE" id="3E57813A-1656-2467-8A50-294C06AC4EFA">
<sourceConnName>stagiaire</sourceConnName>
<sourceObjSchema>TACHE_EN_COURS</sourceObjSchema>
<sourceObjName>REF_PERIODICITE</sourceObjName>
<createdBy>Razvan BIZOÏ</createdBy>
<createdTime>2023-11-22 12:44:15 UTC</createdTime>
<ownerDesignName>schema</ownerDesignName>
<useDomainConstraints>false</useDomainConstraints>
<use>1</use>
<logicalDatatype>LOGDT019</logicalDatatype>
<dataTypePrecision>*</dataTypePrecision>
<dataTypeScale>0</dataTypeScale>
<ownDataTypeParameters>,*,0</ownDataTypeParameters>
<autoIncrementCycle>false</autoIncrementCycle>
<associations>
<colAssociation fkAssociation="CC2B8231-900D-ECBA-495E-733E51D1377F" referredColumn="5F2D8E36-D22B-3868-F322-8D84461CFFC7"/>
</associations>
</Column>
<Column name="REF_UTILISATEUR" id="BF57F44D-01E5-FC12-C92B-7566B75A0D5F">
<sourceConnName>stagiaire</sourceConnName>
<sourceObjSchema>TACHE_EN_COURS</sourceObjSchema>
<sourceObjName>REF_UTILISATEUR</sourceObjName>
<createdBy>Razvan BIZOÏ</createdBy>
<createdTime>2023-11-22 12:44:15 UTC</createdTime>
<ownerDesignName>schema</ownerDesignName>
<useDomainConstraints>false</useDomainConstraints>
<use>1</use>
<logicalDatatype>LOGDT019</logicalDatatype>
<dataTypePrecision>*</dataTypePrecision>
<dataTypeScale>0</dataTypeScale>
<ownDataTypeParameters>,*,0</ownDataTypeParameters>
<autoIncrementCycle>false</autoIncrementCycle>
<associations>
<colAssociation fkAssociation="EC028602-ECC8-7655-3A72-3E6EFB9CDC5F" referredColumn="BF8D0506-EE3F-384F-3AF3-E1B116F79BD0"/>
</associations>
</Column>
<Column name="DATE_REALISATION" id="F06FD9D2-A14C-7EC7-97BC-D8A694FBB316">
<sourceConnName>stagiaire</sourceConnName>
<sourceObjSchema>TACHE_EN_COURS</sourceObjSchema>
<sourceObjName>DATE_REALISATION</sourceObjName>
<createdBy>Razvan BIZOÏ</createdBy>
<createdTime>2023-11-22 12:44:15 UTC</createdTime>
<ownerDesignName>schema</ownerDesignName>
<nullsAllowed>true</nullsAllowed>
<useDomainConstraints>false</useDomainConstraints>
<use>1</use>
<logicalDatatype>LOGDT015</logicalDatatype>
<dataTypePrecision>6</dataTypePrecision>
<ownDataTypeParameters>,6,</ownDataTypeParameters>
<autoIncrementCycle>false</autoIncrementCycle>
</Column>
</columns>
<indexes itemClass="oracle.dbtools.crest.model.design.relational.Index">
<ind_PK_UK id="8D40D479-0769-3127-6BCB-849AC907020D" name="TACHE_EN_COURS_PK">
<sourceConnName>stagiaire</sourceConnName>
<sourceObjSchema>STAG26</sourceObjSchema>
<sourceObjName>SYS_C00206404</sourceObjName>
<createdBy>Razvan BIZOÏ</createdBy>
<createdTime>2023-11-22 12:44:15 UTC</createdTime>
<ownerDesignName>schema</ownerDesignName>
<pk>true</pk>
<indexState>Primary Constraint</indexState>
<isSurrogateKey>false</isSurrogateKey>
<indexColumnUsage>
<colUsage columnID="C89DD2E4-2162-FD43-A8A3-095A01573125"/>
</indexColumnUsage>
</ind_PK_UK>
<ind_PK_UK id="C404251A-8705-D7CD-A42D-1E6A9B5D9F7A" name="FK_TACHE_EN_COURS_REF">
<createdBy>Razvan BIZOÏ</createdBy>
<createdTime>2023-11-22 12:44:16 UTC</createdTime>
<ownerDesignName>schema</ownerDesignName>
<indexState>Foreign Key</indexState>
<isSurrogateKey>false</isSurrogateKey>
<indexColumnUsage>
<colUsage columnID="C89DD2E4-2162-FD43-A8A3-095A01573125"/>
</indexColumnUsage>
</ind_PK_UK>
<ind_PK_UK id="3DC8EEF3-559D-9453-4A88-FA0BB33B8F17" name="FK_TACHE_EN_COURS_REFPERIODICITE">
<createdBy>Razvan BIZOÏ</createdBy>
<createdTime>2023-11-22 12:44:16 UTC</createdTime>
<ownerDesignName>schema</ownerDesignName>
<indexState>Foreign Key</indexState>
<isSurrogateKey>false</isSurrogateKey>
<indexColumnUsage>
<colUsage columnID="3E57813A-1656-2467-8A50-294C06AC4EFA"/>
</indexColumnUsage>
</ind_PK_UK>
<ind_PK_UK id="3126F198-B844-9641-765E-446947D61CBD" name="FK_TACHE_EN_COURS_REFUTILISATEUR">
<createdBy>Razvan BIZOÏ</createdBy>
<createdTime>2023-11-22 12:44:16 UTC</createdTime>
<ownerDesignName>schema</ownerDesignName>
<indexState>Foreign Key</indexState>
<isSurrogateKey>false</isSurrogateKey>
<indexColumnUsage>
<colUsage columnID="BF57F44D-01E5-FC12-C92B-7566B75A0D5F"/>
</indexColumnUsage>
</ind_PK_UK>
</indexes>
</Table>