<?xml version = '1.0' encoding = 'UTF-8'?>
<Table class="oracle.dbtools.crest.model.design.relational.Table" directorySegmentName="seg_0" id="8CE3D233-CE5A-FCE7-CFED-3528EEB6B33A" name="DEPEND_DE">
<sourceConnName>stagiaire</sourceConnName>
<sourceObjSchema>STAG26</sourceObjSchema>
<sourceObjName>DEPEND_DE</sourceObjName>
<createdBy>Razvan BIZOÏ</createdBy>
<createdTime>2023-11-22 12:44:15 UTC</createdTime>
<ownerDesignName>schema</ownerDesignName>
<allowColumnReorder>false</allowColumnReorder>
<existDependencyGenerateInDDl>true</existDependencyGenerateInDDl>
<parsed>true</parsed>
<columns itemClass="oracle.dbtools.crest.model.design.relational.Column">
<Column name="REF_TACHE_1" id="206BA031-BAF6-C306-6F8D-9024ED0B2D49">
<sourceConnName>stagiaire</sourceConnName>
<sourceObjSchema>DEPEND_DE</sourceObjSchema>
<sourceObjName>REF_TACHE_1</sourceObjName>
<createdBy>Razvan BIZOÏ</createdBy>
<createdTime>2023-11-22 12:44:15 UTC</createdTime>
<ownerDesignName>schema</ownerDesignName>
<useDomainConstraints>false</useDomainConstraints>
<use>1</use>
<logicalDatatype>LOGDT019</logicalDatatype>
<dataTypePrecision>*</dataTypePrecision>
<dataTypeScale>0</dataTypeScale>
<ownDataTypeParameters>,*,0</ownDataTypeParameters>
<autoIncrementCycle>false</autoIncrementCycle>
<associations>
<colAssociation fkAssociation="8EE14FA0-FB64-BE03-409B-E25FD95C07CD" referredColumn="2E7BB1C0-8A39-26C2-00D3-B8B32228271A"/>
</associations>
</Column>
<Column name="REF_TACHE_2" id="97F6CF8D-AAA9-0311-C44A-E6F3B20DE766">
<sourceConnName>stagiaire</sourceConnName>
<sourceObjSchema>DEPEND_DE</sourceObjSchema>
<sourceObjName>REF_TACHE_2</sourceObjName>
<createdBy>Razvan BIZOÏ</createdBy>
<createdTime>2023-11-22 12:44:15 UTC</createdTime>
<ownerDesignName>schema</ownerDesignName>
<useDomainConstraints>false</useDomainConstraints>
<use>1</use>
<logicalDatatype>LOGDT019</logicalDatatype>
<dataTypePrecision>*</dataTypePrecision>
<dataTypeScale>0</dataTypeScale>
<ownDataTypeParameters>,*,0</ownDataTypeParameters>
<autoIncrementCycle>false</autoIncrementCycle>
<associations>
<colAssociation fkAssociation="FFA13EF9-3C29-6C06-7874-9F3A9E9874A2" referredColumn="2E7BB1C0-8A39-26C2-00D3-B8B32228271A"/>
</associations>
</Column>
</columns>
<indexes itemClass="oracle.dbtools.crest.model.design.relational.Index">
<ind_PK_UK id="15A92B5E-A141-E0AC-517F-30139168E917" name="DEPEND_DE_PK">
<sourceConnName>stagiaire</sourceConnName>
<sourceObjSchema>STAG26</sourceObjSchema>
<sourceObjName>SYS_C00206385</sourceObjName>
<createdBy>Razvan BIZOÏ</createdBy>
<createdTime>2023-11-22 12:44:15 UTC</createdTime>
<ownerDesignName>schema</ownerDesignName>
<pk>true</pk>
<indexState>Primary Constraint</indexState>
<isSurrogateKey>false</isSurrogateKey>
<indexColumnUsage>
<colUsage columnID="206BA031-BAF6-C306-6F8D-9024ED0B2D49"/>
<colUsage columnID="97F6CF8D-AAA9-0311-C44A-E6F3B20DE766"/>
</indexColumnUsage>
</ind_PK_UK>
<ind_PK_UK id="27DF0C4A-5CC7-FB08-B620-AE7DE8EA210C" name="FK_DEPEND_RETACHE1">
<createdBy>Razvan BIZOÏ</createdBy>
<createdTime>2023-11-22 12:44:16 UTC</createdTime>
<ownerDesignName>schema</ownerDesignName>
<indexState>Foreign Key</indexState>
<isSurrogateKey>false</isSurrogateKey>
<indexColumnUsage>
<colUsage columnID="97F6CF8D-AAA9-0311-C44A-E6F3B20DE766"/>
</indexColumnUsage>
</ind_PK_UK>
<ind_PK_UK id="1A7D28EA-C8EC-E7F6-C2E0-82154A4DBE43" name="FK_DEPEND_RETACHE2">
<createdBy>Razvan BIZOÏ</createdBy>
<createdTime>2023-11-22 12:44:16 UTC</createdTime>
<ownerDesignName>schema</ownerDesignName>
<indexState>Foreign Key</indexState>
<isSurrogateKey>false</isSurrogateKey>
<indexColumnUsage>
<colUsage columnID="206BA031-BAF6-C306-6F8D-9024ED0B2D49"/>
</indexColumnUsage>
</ind_PK_UK>
</indexes>
</Table>