<?xml version = '1.0' encoding = 'UTF-8'?>
<Table class="oracle.dbtools.crest.model.design.relational.Table" directorySegmentName="seg_0" id="96DDFA3F-CA6E-3A72-A27B-37231BE69336" name="CONTIENT">
<sourceConnName>stagiaire</sourceConnName>
<sourceObjSchema>STAG26</sourceObjSchema>
<sourceObjName>CONTIENT</sourceObjName>
<createdBy>Razvan BIZOÏ</createdBy>
<createdTime>2023-11-22 12:44:15 UTC</createdTime>
<ownerDesignName>schema</ownerDesignName>
<allowColumnReorder>false</allowColumnReorder>
<existDependencyGenerateInDDl>true</existDependencyGenerateInDDl>
<parsed>true</parsed>
<columns itemClass="oracle.dbtools.crest.model.design.relational.Column">
<Column name="NOM_PROJET" id="B05A3A98-8718-12BE-78E4-6949C0EDC7C6">
<sourceConnName>stagiaire</sourceConnName>
<sourceObjSchema>CONTIENT</sourceObjSchema>
<sourceObjName>NOM_PROJET</sourceObjName>
<createdBy>Razvan BIZOÏ</createdBy>
<createdTime>2023-11-22 12:44:15 UTC</createdTime>
<ownerDesignName>schema</ownerDesignName>
<useDomainConstraints>false</useDomainConstraints>
<use>1</use>
<logicalDatatype>LOGDT024</logicalDatatype>
<dataTypeSize>255 BYTE</dataTypeSize>
<ownDataTypeParameters>255 BYTE,,</ownDataTypeParameters>
<autoIncrementCycle>false</autoIncrementCycle>
</Column>
<Column name="REF_LISTE" id="1F14A8C2-C6AF-2351-477C-5D6D2AEA8147">
<sourceConnName>stagiaire</sourceConnName>
<sourceObjSchema>CONTIENT</sourceObjSchema>
<sourceObjName>REF_LISTE</sourceObjName>
<createdBy>Razvan BIZOÏ</createdBy>
<createdTime>2023-11-22 12:44:15 UTC</createdTime>
<ownerDesignName>schema</ownerDesignName>
<useDomainConstraints>false</useDomainConstraints>
<use>1</use>
<logicalDatatype>LOGDT019</logicalDatatype>
<dataTypePrecision>*</dataTypePrecision>
<dataTypeScale>0</dataTypeScale>
<ownDataTypeParameters>,*,0</ownDataTypeParameters>
<autoIncrementCycle>false</autoIncrementCycle>
<associations>
<colAssociation fkAssociation="2B3B4DC7-287E-E5A5-B630-4939C1258121" referredColumn="CBCA8E51-C29F-1DFF-D301-F4F2B03698EE"/>
</associations>
</Column>
</columns>
<indexes itemClass="oracle.dbtools.crest.model.design.relational.Index">
<ind_PK_UK id="8A1EE178-0513-F128-7BE8-9859F0287EA4" name="CONTIENT_PK">
<sourceConnName>stagiaire</sourceConnName>
<sourceObjSchema>STAG26</sourceObjSchema>
<sourceObjName>SYS_C00206382</sourceObjName>
<createdBy>Razvan BIZOÏ</createdBy>
<createdTime>2023-11-22 12:44:15 UTC</createdTime>
<ownerDesignName>schema</ownerDesignName>
<pk>true</pk>
<indexState>Primary Constraint</indexState>
<isSurrogateKey>false</isSurrogateKey>
<indexColumnUsage>
<colUsage columnID="B05A3A98-8718-12BE-78E4-6949C0EDC7C6"/>
<colUsage columnID="1F14A8C2-C6AF-2351-477C-5D6D2AEA8147"/>
</indexColumnUsage>
</ind_PK_UK>
<ind_PK_UK id="D46A1C61-1B09-5BA7-F384-831D80BCEE40" name="FK_CONTIENT_REFLISTE">
<createdBy>Razvan BIZOÏ</createdBy>
<createdTime>2023-11-22 12:44:16 UTC</createdTime>
<ownerDesignName>schema</ownerDesignName>
<indexState>Foreign Key</indexState>
<isSurrogateKey>false</isSurrogateKey>
<indexColumnUsage>
<colUsage columnID="1F14A8C2-C6AF-2351-477C-5D6D2AEA8147"/>
</indexColumnUsage>
</ind_PK_UK>
</indexes>
</Table>