<?xml version = '1.0' encoding = 'UTF-8'?>
<Table class="oracle.dbtools.crest.model.design.relational.Table" directorySegmentName="seg_0" id="9E363CD4-A692-A9C9-8201-8B8E73D322D4" name="TACHE_FINI">
<sourceConnName>stagiaire</sourceConnName>
<sourceObjSchema>STAG26</sourceObjSchema>
<sourceObjName>TACHE_FINI</sourceObjName>
<createdBy>Razvan BIZOÏ</createdBy>
<createdTime>2023-11-22 12:44:15 UTC</createdTime>
<ownerDesignName>schema</ownerDesignName>
<allowColumnReorder>false</allowColumnReorder>
<existDependencyGenerateInDDl>true</existDependencyGenerateInDDl>
<parsed>true</parsed>
<columns itemClass="oracle.dbtools.crest.model.design.relational.Column">
<Column name="REF_TACHE" id="920415F3-98F5-7B7C-D099-8CD73F0BB5B0">
<sourceConnName>stagiaire</sourceConnName>
<sourceObjSchema>TACHE_FINI</sourceObjSchema>
<sourceObjName>REF_TACHE</sourceObjName>
<createdBy>Razvan BIZOÏ</createdBy>
<createdTime>2023-11-22 12:44:15 UTC</createdTime>
<ownerDesignName>schema</ownerDesignName>
<useDomainConstraints>false</useDomainConstraints>
<use>1</use>
<logicalDatatype>LOGDT019</logicalDatatype>
<dataTypePrecision>*</dataTypePrecision>
<dataTypeScale>0</dataTypeScale>
<ownDataTypeParameters>,*,0</ownDataTypeParameters>
<autoIncrementCycle>false</autoIncrementCycle>
<associations>
<colAssociation fkAssociation="7174977A-6848-8348-3C98-1C441827EC17" referredColumn="2E7BB1C0-8A39-26C2-00D3-B8B32228271A"/>
</associations>
</Column>
<Column name="INTITULE" id="68C6DD5E-5800-C150-A9E2-6D217DCC7D2B">
<sourceConnName>stagiaire</sourceConnName>
<sourceObjSchema>TACHE_FINI</sourceObjSchema>
<sourceObjName>INTITULE</sourceObjName>
<createdBy>Razvan BIZOÏ</createdBy>
<createdTime>2023-11-22 12:44:15 UTC</createdTime>
<ownerDesignName>schema</ownerDesignName>
<nullsAllowed>true</nullsAllowed>
<useDomainConstraints>false</useDomainConstraints>
<use>1</use>
<logicalDatatype>LOGDT024</logicalDatatype>
<dataTypeSize>255 BYTE</dataTypeSize>
<ownDataTypeParameters>255 BYTE,,</ownDataTypeParameters>
<autoIncrementCycle>false</autoIncrementCycle>
</Column>
<Column name="DESCRIPTION" id="28AAC0B7-11A2-763D-06C4-9669D471FF0A">
<sourceConnName>stagiaire</sourceConnName>
<sourceObjSchema>TACHE_FINI</sourceObjSchema>
<sourceObjName>DESCRIPTION</sourceObjName>
<createdBy>Razvan BIZOÏ</createdBy>
<createdTime>2023-11-22 12:44:15 UTC</createdTime>
<ownerDesignName>schema</ownerDesignName>
<nullsAllowed>true</nullsAllowed>
<useDomainConstraints>false</useDomainConstraints>
<use>1</use>
<logicalDatatype>LOGDT024</logicalDatatype>
<dataTypeSize>4000 BYTE</dataTypeSize>
<ownDataTypeParameters>4000 BYTE,,</ownDataTypeParameters>
<autoIncrementCycle>false</autoIncrementCycle>
</Column>
<Column name="PRIORITE" id="ED3F24E0-292D-0738-0578-D5A2A83CD726">
<sourceConnName>stagiaire</sourceConnName>
<sourceObjSchema>TACHE_FINI</sourceObjSchema>
<sourceObjName>PRIORITE</sourceObjName>
<createdBy>Razvan BIZOÏ</createdBy>
<createdTime>2023-11-22 12:44:15 UTC</createdTime>
<ownerDesignName>schema</ownerDesignName>
<nullsAllowed>true</nullsAllowed>
<useDomainConstraints>false</useDomainConstraints>
<use>1</use>
<logicalDatatype>LOGDT019</logicalDatatype>
<dataTypePrecision>*</dataTypePrecision>
<dataTypeScale>0</dataTypeScale>
<ownDataTypeParameters>,*,0</ownDataTypeParameters>
<autoIncrementCycle>false</autoIncrementCycle>
</Column>
<Column name="URL" id="FF42FDDB-8E76-42C9-A0F2-F758B90C7B64">
<sourceConnName>stagiaire</sourceConnName>
<sourceObjSchema>TACHE_FINI</sourceObjSchema>
<sourceObjName>URL</sourceObjName>
<createdBy>Razvan BIZOÏ</createdBy>
<createdTime>2023-11-22 12:44:15 UTC</createdTime>
<ownerDesignName>schema</ownerDesignName>
<nullsAllowed>true</nullsAllowed>
<useDomainConstraints>false</useDomainConstraints>
<use>1</use>
<logicalDatatype>LOGDT024</logicalDatatype>
<dataTypeSize>2000 BYTE</dataTypeSize>
<ownDataTypeParameters>2000 BYTE,,</ownDataTypeParameters>
<autoIncrementCycle>false</autoIncrementCycle>
</Column>
<Column name="DATE_D_ECHEANCE" id="35929EAD-F64D-596B-C8B3-935D89AC155F">
<sourceConnName>stagiaire</sourceConnName>
<sourceObjSchema>TACHE_FINI</sourceObjSchema>
<sourceObjName>DATE_D_ECHEANCE</sourceObjName>
<createdBy>Razvan BIZOÏ</createdBy>
<createdTime>2023-11-22 12:44:15 UTC</createdTime>
<ownerDesignName>schema</ownerDesignName>
<nullsAllowed>true</nullsAllowed>
<useDomainConstraints>false</useDomainConstraints>
<use>1</use>
<logicalDatatype>LOGDT015</logicalDatatype>
<dataTypePrecision>6</dataTypePrecision>
<ownDataTypeParameters>,6,</ownDataTypeParameters>
<autoIncrementCycle>false</autoIncrementCycle>
</Column>
<Column name="STATUT" id="4347DED9-7B45-73AF-E806-78CB28C567F4">
<sourceConnName>stagiaire</sourceConnName>
<sourceObjSchema>TACHE_FINI</sourceObjSchema>
<sourceObjName>STATUT</sourceObjName>
<createdBy>Razvan BIZOÏ</createdBy>
<createdTime>2023-11-22 12:44:15 UTC</createdTime>
<ownerDesignName>schema</ownerDesignName>
<nullsAllowed>true</nullsAllowed>
<useDomainConstraints>false</useDomainConstraints>
<use>1</use>
<logicalDatatype>LOGDT024</logicalDatatype>
<dataTypeSize>8 BYTE</dataTypeSize>
<ownDataTypeParameters>8 BYTE,,</ownDataTypeParameters>
<autoIncrementCycle>false</autoIncrementCycle>
</Column>
<Column name="NOM_CATEGORIE" id="8E023842-77E5-6984-9826-4A0540235A4F">
<sourceConnName>stagiaire</sourceConnName>
<sourceObjSchema>TACHE_FINI</sourceObjSchema>
<sourceObjName>NOM_CATEGORIE</sourceObjName>
<createdBy>Razvan BIZOÏ</createdBy>
<createdTime>2023-11-22 12:44:15 UTC</createdTime>
<ownerDesignName>schema</ownerDesignName>
<useDomainConstraints>false</useDomainConstraints>
<use>1</use>
<logicalDatatype>LOGDT024</logicalDatatype>
<dataTypeSize>255 BYTE</dataTypeSize>
<ownDataTypeParameters>255 BYTE,,</ownDataTypeParameters>
<autoIncrementCycle>false</autoIncrementCycle>
</Column>
<Column name="REF_PERIODICITE" id="9C4DE683-FB3A-62E7-71B3-0DCE3895687A">
<sourceConnName>stagiaire</sourceConnName>
<sourceObjSchema>TACHE_FINI</sourceObjSchema>
<sourceObjName>REF_PERIODICITE</sourceObjName>
<createdBy>Razvan BIZOÏ</createdBy>
<createdTime>2023-11-22 12:44:15 UTC</createdTime>
<ownerDesignName>schema</ownerDesignName>
<useDomainConstraints>false</useDomainConstraints>
<use>1</use>
<logicalDatatype>LOGDT019</logicalDatatype>
<dataTypePrecision>*</dataTypePrecision>
<dataTypeScale>0</dataTypeScale>
<ownDataTypeParameters>,*,0</ownDataTypeParameters>
<autoIncrementCycle>false</autoIncrementCycle>
<associations>
<colAssociation fkAssociation="47310A4B-6A07-E70B-0F94-7880A80A5732" referredColumn="5F2D8E36-D22B-3868-F322-8D84461CFFC7"/>
</associations>
</Column>
<Column name="REF_UTILISATEUR" id="B3F126EE-CE4C-2684-1750-1F4D487737D7">
<sourceConnName>stagiaire</sourceConnName>
<sourceObjSchema>TACHE_FINI</sourceObjSchema>
<sourceObjName>REF_UTILISATEUR</sourceObjName>
<createdBy>Razvan BIZOÏ</createdBy>
<createdTime>2023-11-22 12:44:15 UTC</createdTime>
<ownerDesignName>schema</ownerDesignName>
<useDomainConstraints>false</useDomainConstraints>
<use>1</use>
<logicalDatatype>LOGDT019</logicalDatatype>
<dataTypePrecision>*</dataTypePrecision>
<dataTypeScale>0</dataTypeScale>
<ownDataTypeParameters>,*,0</ownDataTypeParameters>
<autoIncrementCycle>false</autoIncrementCycle>
<associations>
<colAssociation fkAssociation="725D181D-10AE-5ECE-49E0-2ED23AF336A0" referredColumn="BF8D0506-EE3F-384F-3AF3-E1B116F79BD0"/>
</associations>
</Column>
<Column name="DATE_REALISATION" id="E23EF4FD-368A-FE20-A7F4-00C6EF2E3387">
<sourceConnName>stagiaire</sourceConnName>
<sourceObjSchema>TACHE_FINI</sourceObjSchema>
<sourceObjName>DATE_REALISATION</sourceObjName>
<createdBy>Razvan BIZOÏ</createdBy>
<createdTime>2023-11-22 12:44:15 UTC</createdTime>
<ownerDesignName>schema</ownerDesignName>
<nullsAllowed>true</nullsAllowed>
<useDomainConstraints>false</useDomainConstraints>
<use>1</use>
<logicalDatatype>LOGDT015</logicalDatatype>
<dataTypePrecision>6</dataTypePrecision>
<ownDataTypeParameters>,6,</ownDataTypeParameters>
<autoIncrementCycle>false</autoIncrementCycle>
</Column>
</columns>
<indexes itemClass="oracle.dbtools.crest.model.design.relational.Index">
<ind_PK_UK id="CE9D05D3-1744-CE30-61A9-F3DAA09D1264" name="TACHE_FINI_PK">
<sourceConnName>stagiaire</sourceConnName>
<sourceObjSchema>STAG26</sourceObjSchema>
<sourceObjName>SYS_C00206409</sourceObjName>
<createdBy>Razvan BIZOÏ</createdBy>
<createdTime>2023-11-22 12:44:15 UTC</createdTime>
<ownerDesignName>schema</ownerDesignName>
<pk>true</pk>
<indexState>Primary Constraint</indexState>
<isSurrogateKey>false</isSurrogateKey>
<indexColumnUsage>
<colUsage columnID="920415F3-98F5-7B7C-D099-8CD73F0BB5B0"/>
</indexColumnUsage>
</ind_PK_UK>
<ind_PK_UK id="5237CC68-6F67-2A6F-6B7F-89AD2B863A39" name="FK_TACHE_FINI_REF">
<createdBy>Razvan BIZOÏ</createdBy>
<createdTime>2023-11-22 12:44:16 UTC</createdTime>
<ownerDesignName>schema</ownerDesignName>
<indexState>Foreign Key</indexState>
<isSurrogateKey>false</isSurrogateKey>
<indexColumnUsage>
<colUsage columnID="920415F3-98F5-7B7C-D099-8CD73F0BB5B0"/>
</indexColumnUsage>
</ind_PK_UK>
<ind_PK_UK id="3F7C4990-E874-FA49-6B5B-F55307E02E5E" name="FK_TACHE_FINI_REFPERIODICITE">
<createdBy>Razvan BIZOÏ</createdBy>
<createdTime>2023-11-22 12:44:16 UTC</createdTime>
<ownerDesignName>schema</ownerDesignName>
<indexState>Foreign Key</indexState>
<isSurrogateKey>false</isSurrogateKey>
<indexColumnUsage>
<colUsage columnID="9C4DE683-FB3A-62E7-71B3-0DCE3895687A"/>
</indexColumnUsage>
</ind_PK_UK>
<ind_PK_UK id="C7517632-8B37-8B20-6B98-905D93482B59" name="FK_TACHE_FINI_REF_REFUTILISATEUR">
<createdBy>Razvan BIZOÏ</createdBy>
<createdTime>2023-11-22 12:44:16 UTC</createdTime>
<ownerDesignName>schema</ownerDesignName>
<indexState>Foreign Key</indexState>
<isSurrogateKey>false</isSurrogateKey>
<indexColumnUsage>
<colUsage columnID="B3F126EE-CE4C-2684-1750-1F4D487737D7"/>
</indexColumnUsage>
</ind_PK_UK>
</indexes>
</Table>