<?xml version = '1.0' encoding = 'UTF-8'?>
<Table class="oracle.dbtools.crest.model.design.relational.Table" directorySegmentName="seg_0" id="AA07998E-A6D9-7434-7A9C-B4D709AB8ACB" name="TACHE_APPARTENANT_A_LISTE">
<sourceConnName>stagiaire</sourceConnName>
<sourceObjSchema>STAG26</sourceObjSchema>
<sourceObjName>TACHE_APPARTENANT_A_LISTE</sourceObjName>
<createdBy>Razvan BIZOÏ</createdBy>
<createdTime>2023-11-22 12:44:15 UTC</createdTime>
<ownerDesignName>schema</ownerDesignName>
<allowColumnReorder>false</allowColumnReorder>
<existDependencyGenerateInDDl>true</existDependencyGenerateInDDl>
<parsed>true</parsed>
<columns itemClass="oracle.dbtools.crest.model.design.relational.Column">
<Column name="REF_LISTE" id="9A9E895A-8509-D766-9F89-F89A1218BABC">
<sourceConnName>stagiaire</sourceConnName>
<sourceObjSchema>TACHE_APPARTENANT_A_LISTE</sourceObjSchema>
<sourceObjName>REF_LISTE</sourceObjName>
<createdBy>Razvan BIZOÏ</createdBy>
<createdTime>2023-11-22 12:44:15 UTC</createdTime>
<ownerDesignName>schema</ownerDesignName>
<useDomainConstraints>false</useDomainConstraints>
<use>1</use>
<logicalDatatype>LOGDT019</logicalDatatype>
<dataTypePrecision>*</dataTypePrecision>
<dataTypeScale>0</dataTypeScale>
<ownDataTypeParameters>,*,0</ownDataTypeParameters>
<autoIncrementCycle>false</autoIncrementCycle>
<associations>
<colAssociation fkAssociation="53C2C976-91C5-0E80-C8A9-87D72574A173" referredColumn="CBCA8E51-C29F-1DFF-D301-F4F2B03698EE"/>
</associations>
</Column>
<Column name="REF_TACHE" id="70F9D709-DC31-CE11-3848-841F2E15735C">
<sourceConnName>stagiaire</sourceConnName>
<sourceObjSchema>TACHE_APPARTENANT_A_LISTE</sourceObjSchema>
<sourceObjName>REF_TACHE</sourceObjName>
<createdBy>Razvan BIZOÏ</createdBy>
<createdTime>2023-11-22 12:44:15 UTC</createdTime>
<ownerDesignName>schema</ownerDesignName>
<useDomainConstraints>false</useDomainConstraints>
<use>1</use>
<logicalDatatype>LOGDT019</logicalDatatype>
<dataTypePrecision>*</dataTypePrecision>
<dataTypeScale>0</dataTypeScale>
<ownDataTypeParameters>,*,0</ownDataTypeParameters>
<autoIncrementCycle>false</autoIncrementCycle>
<associations>
<colAssociation fkAssociation="2C6E226B-83EA-AD0F-D057-2CDDAB02220E" referredColumn="2E7BB1C0-8A39-26C2-00D3-B8B32228271A"/>
</associations>
</Column>
</columns>
<indexes itemClass="oracle.dbtools.crest.model.design.relational.Index">
<ind_PK_UK id="6FC6C847-B4EE-4ACA-6B68-08F4785855FC" name="TACHE_APPARTENANT_A_LISTE_PK">
<sourceConnName>stagiaire</sourceConnName>
<sourceObjSchema>STAG26</sourceObjSchema>
<sourceObjName>SYS_C00206412</sourceObjName>
<createdBy>Razvan BIZOÏ</createdBy>
<createdTime>2023-11-22 12:44:15 UTC</createdTime>
<ownerDesignName>schema</ownerDesignName>
<pk>true</pk>
<indexState>Primary Constraint</indexState>
<isSurrogateKey>false</isSurrogateKey>
<indexColumnUsage>
<colUsage columnID="9A9E895A-8509-D766-9F89-F89A1218BABC"/>
<colUsage columnID="70F9D709-DC31-CE11-3848-841F2E15735C"/>
</indexColumnUsage>
</ind_PK_UK>
<ind_PK_UK id="2BB8EADB-711A-F489-9AAB-BA947E48C914" name="FK_TACHELISTE_REFLISTE">
<createdBy>Razvan BIZOÏ</createdBy>
<createdTime>2023-11-22 12:44:16 UTC</createdTime>
<ownerDesignName>schema</ownerDesignName>
<indexState>Foreign Key</indexState>
<isSurrogateKey>false</isSurrogateKey>
<indexColumnUsage>
<colUsage columnID="9A9E895A-8509-D766-9F89-F89A1218BABC"/>
</indexColumnUsage>
</ind_PK_UK>
<ind_PK_UK id="301E6D94-6C97-5B33-61E4-0E7C98F1F949" name="FK_TACHELISTE_REFTACHE">
<createdBy>Razvan BIZOÏ</createdBy>
<createdTime>2023-11-22 12:44:16 UTC</createdTime>
<ownerDesignName>schema</ownerDesignName>
<indexState>Foreign Key</indexState>
<isSurrogateKey>false</isSurrogateKey>
<indexColumnUsage>
<colUsage columnID="70F9D709-DC31-CE11-3848-841F2E15735C"/>
</indexColumnUsage>
</ind_PK_UK>
</indexes>
</Table>