<?xml version = '1.0' encoding = 'UTF-8'?>
<UserOraclev10g class="oracle.dbtools.crest.model.design.storage.oracle.v10g.UserOraclev10g" name="STAG26" directorySegmentName="seg_0" id="31BF026A-818B-2AE5-B224-C4C73957C56A">
<sourceConnName>stagiaire</sourceConnName>
<sourceObjName>STAG26</sourceObjName>
<createdBy>Razvan BIZOÏ</createdBy>
<createdTime>2023-11-22 12:44:14 UTC</createdTime>
<ownerDesignName>schema</ownerDesignName>
<schemaObject>77B6E2B1-6987-1D5C-9701-734AFE3FDCE3</schemaObject>
</UserOraclev10g>