<?xml version = '1.0' encoding = 'UTF-8'?>
<relationalModel class="oracle.dbtools.crest.model.design.relational.RelationalDesign" name="Relational_1" id="870A5739-E9A5-7D7A-693E-3A9026CF56AD" mainViewID="5E758CFB-05F3-74A7-4F03-1FC499F22F74">
<createdBy>Razvan BIZOÏ</createdBy>
<createdTime>2023-11-22 12:43:46 UTC</createdTime>
<ownerDesignName>schema</ownerDesignName>
<shouldBeOpen>false</shouldBeOpen>
<selectedRDBMSSite>79C73AAF-E1A7-E669-7DF0-025EE81A2AFC</selectedRDBMSSite>
<importConnectionStamps>
<importConnectionStamp class="oracle.dbtools.crest.imports.DBConnectionStamp">
<connName>stagiaire</connName>
<connUser>stag26</connUser>
<connType>1</connType>
</importConnectionStamp>
</importConnectionStamps>
</relationalModel>