<?xml version = '1.0' encoding = 'UTF-8'?>
<FKIndexAssociation class="oracle.dbtools.crest.model.design.relational.FKIndexAssociation" directorySegmentName="seg_0" id="110C20C8-2B27-1DFF-6DAC-D978FCB0F359" containerWithKeyObject="29240E0B-6457-896A-E211-F4E8A4C8AB5C" localFKIndex="FBD5C1CC-234A-BE0B-EB93-74F02EDB8FB5" name="FK_LISTETACHE_REFUTILISATEUR">
<sourceConnName>stagiaire</sourceConnName>
<sourceObjSchema>STAG26</sourceObjSchema>
<sourceObjName>FK_LISTETACHE_REFUTILISATEUR</sourceObjName>
<createdBy>Razvan BIZOÏ</createdBy>
<createdTime>2023-11-22 12:44:16 UTC</createdTime>
<ownerDesignName>schema</ownerDesignName>
<referredTableLongName>UTILISATEUR</referredTableLongName>
<deleteRule>NO ACTION</deleteRule>
<referredTableID>4535636C-A6FF-5EEE-B1A8-4F2ED91993E2</referredTableID>
<keyObject>554DA7B4-C08D-11E9-9B0A-779228CF8827</keyObject>
<referredKeyID>554DA7B4-C08D-11E9-9B0A-779228CF8827</referredKeyID>
<mandatory>true</mandatory>
<refColNames>REF_UTILISATEUR</refColNames>
<transferable>true</transferable>
<rely>false</rely>
<columnDependencyConstraintGenerateInDDL>true</columnDependencyConstraintGenerateInDDL>
</FKIndexAssociation>