<?xml version = '1.0' encoding = 'UTF-8'?>
<FKIndexAssociation class="oracle.dbtools.crest.model.design.relational.FKIndexAssociation" directorySegmentName="seg_0" id="2B3B4DC7-287E-E5A5-B630-4939C1258121" containerWithKeyObject="96DDFA3F-CA6E-3A72-A27B-37231BE69336" localFKIndex="D46A1C61-1B09-5BA7-F384-831D80BCEE40" name="FK_CONTIENT_REFLISTE">
<sourceConnName>stagiaire</sourceConnName>
<sourceObjSchema>STAG26</sourceObjSchema>
<sourceObjName>FK_CONTIENT_REFLISTE</sourceObjName>
<createdBy>Razvan BIZOÏ</createdBy>
<createdTime>2023-11-22 12:44:16 UTC</createdTime>
<ownerDesignName>schema</ownerDesignName>
<referredTableLongName>LISTE_TACHE</referredTableLongName>
<deleteRule>NO ACTION</deleteRule>
<referredTableID>29240E0B-6457-896A-E211-F4E8A4C8AB5C</referredTableID>
<keyObject>D0596FDB-5F3D-193B-3549-454C1662F599</keyObject>
<referredKeyID>D0596FDB-5F3D-193B-3549-454C1662F599</referredKeyID>
<mandatory>true</mandatory>
<refColNames>REF_LISTE</refColNames>
<transferable>true</transferable>
<rely>false</rely>
<columnDependencyConstraintGenerateInDDL>true</columnDependencyConstraintGenerateInDDL>
</FKIndexAssociation>