<?xml version = '1.0' encoding = 'UTF-8'?>
<FKIndexAssociation class="oracle.dbtools.crest.model.design.relational.FKIndexAssociation" directorySegmentName="seg_0" id="47310A4B-6A07-E70B-0F94-7880A80A5732" containerWithKeyObject="9E363CD4-A692-A9C9-8201-8B8E73D322D4" localFKIndex="3F7C4990-E874-FA49-6B5B-F55307E02E5E" name="FK_TACHE_FINI_REFPERIODICITE">
<sourceConnName>stagiaire</sourceConnName>
<sourceObjSchema>STAG26</sourceObjSchema>
<sourceObjName>FK_TACHE_FINI_REFPERIODICITE</sourceObjName>
<createdBy>Razvan BIZOÏ</createdBy>
<createdTime>2023-11-22 12:44:16 UTC</createdTime>
<ownerDesignName>schema</ownerDesignName>
<referredTableLongName>PERIODICITE</referredTableLongName>
<deleteRule>NO ACTION</deleteRule>
<referredTableID>9CF124B5-AAF4-E746-76BE-AE80A95A4E0F</referredTableID>
<keyObject>D9B855C1-E4B9-A980-6D3E-1C99F88C0748</keyObject>
<referredKeyID>D9B855C1-E4B9-A980-6D3E-1C99F88C0748</referredKeyID>
<mandatory>true</mandatory>
<refColNames>REF_PERIODICITE</refColNames>
<transferable>true</transferable>
<rely>false</rely>
<columnDependencyConstraintGenerateInDDL>true</columnDependencyConstraintGenerateInDDL>
</FKIndexAssociation>