<?xml version = '1.0' encoding = 'UTF-8'?>
<FKIndexAssociation class="oracle.dbtools.crest.model.design.relational.FKIndexAssociation" directorySegmentName="seg_0" id="53C2C976-91C5-0E80-C8A9-87D72574A173" containerWithKeyObject="AA07998E-A6D9-7434-7A9C-B4D709AB8ACB" localFKIndex="2BB8EADB-711A-F489-9AAB-BA947E48C914" name="FK_TACHELISTE_REFLISTE">
<sourceConnName>stagiaire</sourceConnName>
<sourceObjSchema>STAG26</sourceObjSchema>
<sourceObjName>FK_TACHELISTE_REFLISTE</sourceObjName>
<createdBy>Razvan BIZOÏ</createdBy>
<createdTime>2023-11-22 12:44:16 UTC</createdTime>
<ownerDesignName>schema</ownerDesignName>
<referredTableLongName>LISTE_TACHE</referredTableLongName>
<deleteRule>NO ACTION</deleteRule>
<referredTableID>29240E0B-6457-896A-E211-F4E8A4C8AB5C</referredTableID>
<keyObject>D0596FDB-5F3D-193B-3549-454C1662F599</keyObject>
<referredKeyID>D0596FDB-5F3D-193B-3549-454C1662F599</referredKeyID>
<mandatory>true</mandatory>
<refColNames>REF_LISTE</refColNames>
<transferable>true</transferable>
<rely>false</rely>
<columnDependencyConstraintGenerateInDDL>true</columnDependencyConstraintGenerateInDDL>
</FKIndexAssociation>