<?xml version = '1.0' encoding = 'UTF-8'?>
<FKIndexAssociation class="oracle.dbtools.crest.model.design.relational.FKIndexAssociation" directorySegmentName="seg_0" id="6389496E-1AD7-BA74-2CB2-21CBE7194FE1" containerWithKeyObject="6391DC5D-CBE0-5B3C-52B6-3DBDFA369051" localFKIndex="F6589E4E-4170-F95C-8A3E-24719FF45E95" name="FK_TRAVAILLE_REFUTILISATEUR">
<sourceConnName>stagiaire</sourceConnName>
<sourceObjSchema>STAG26</sourceObjSchema>
<sourceObjName>FK_TRAVAILLE_REFUTILISATEUR</sourceObjName>
<createdBy>Razvan BIZOÏ</createdBy>
<createdTime>2023-11-22 12:44:16 UTC</createdTime>
<ownerDesignName>schema</ownerDesignName>
<referredTableLongName>UTILISATEUR</referredTableLongName>
<deleteRule>NO ACTION</deleteRule>
<referredTableID>4535636C-A6FF-5EEE-B1A8-4F2ED91993E2</referredTableID>
<keyObject>554DA7B4-C08D-11E9-9B0A-779228CF8827</keyObject>
<referredKeyID>554DA7B4-C08D-11E9-9B0A-779228CF8827</referredKeyID>
<mandatory>true</mandatory>
<refColNames>REF_UTILISATEUR</refColNames>
<transferable>true</transferable>
<rely>false</rely>
<columnDependencyConstraintGenerateInDDL>true</columnDependencyConstraintGenerateInDDL>
</FKIndexAssociation>