<?xml version = '1.0' encoding = 'UTF-8'?>
<FKIndexAssociation class="oracle.dbtools.crest.model.design.relational.FKIndexAssociation" directorySegmentName="seg_0" id="65AA5F54-9B66-E23D-BCCB-E25FDDAB3521" containerWithKeyObject="776135E4-3865-2BEF-FE02-9E4F0281A52A" localFKIndex="6857590E-E2D3-48F1-5A6D-ADAF1DCC83BC" name="FK_EST_ASSIGNE_REFTACHE">
<sourceConnName>stagiaire</sourceConnName>
<sourceObjSchema>STAG26</sourceObjSchema>
<sourceObjName>FK_EST_ASSIGNE_REFTACHE</sourceObjName>
<createdBy>Razvan BIZOÏ</createdBy>
<createdTime>2023-11-22 12:44:16 UTC</createdTime>
<ownerDesignName>schema</ownerDesignName>
<referredTableLongName>TACHE</referredTableLongName>
<deleteRule>NO ACTION</deleteRule>
<referredTableID>1535B5CA-6545-9136-ABD8-0D5AADED381B</referredTableID>
<keyObject>2935C18F-E4DF-FDC2-2890-322EB4C94AB0</keyObject>
<referredKeyID>2935C18F-E4DF-FDC2-2890-322EB4C94AB0</referredKeyID>
<mandatory>true</mandatory>
<refColNames>REF_TACHE</refColNames>
<transferable>true</transferable>
<rely>false</rely>
<columnDependencyConstraintGenerateInDDL>true</columnDependencyConstraintGenerateInDDL>
</FKIndexAssociation>