<?xml version = '1.0' encoding = 'UTF-8'?>
<FKIndexAssociation class="oracle.dbtools.crest.model.design.relational.FKIndexAssociation" directorySegmentName="seg_0" id="7174977A-6848-8348-3C98-1C441827EC17" containerWithKeyObject="9E363CD4-A692-A9C9-8201-8B8E73D322D4" localFKIndex="5237CC68-6F67-2A6F-6B7F-89AD2B863A39" name="FK_TACHE_FINI_REF">
<sourceConnName>stagiaire</sourceConnName>
<sourceObjSchema>STAG26</sourceObjSchema>
<sourceObjName>FK_TACHE_FINI_REF</sourceObjName>
<createdBy>Razvan BIZOÏ</createdBy>
<createdTime>2023-11-22 12:44:16 UTC</createdTime>
<ownerDesignName>schema</ownerDesignName>
<referredTableLongName>TACHE</referredTableLongName>
<deleteRule>NO ACTION</deleteRule>
<referredTableID>1535B5CA-6545-9136-ABD8-0D5AADED381B</referredTableID>
<keyObject>2935C18F-E4DF-FDC2-2890-322EB4C94AB0</keyObject>
<referredKeyID>2935C18F-E4DF-FDC2-2890-322EB4C94AB0</referredKeyID>
<mandatory>true</mandatory>
<refColNames>REF_TACHE</refColNames>
<transferable>true</transferable>
<rely>false</rely>
<columnDependencyConstraintGenerateInDDL>true</columnDependencyConstraintGenerateInDDL>
</FKIndexAssociation>