<?xml version = '1.0' encoding = 'UTF-8'?>
<FKIndexAssociation class="oracle.dbtools.crest.model.design.relational.FKIndexAssociation" directorySegmentName="seg_0" id="725D181D-10AE-5ECE-49E0-2ED23AF336A0" containerWithKeyObject="9E363CD4-A692-A9C9-8201-8B8E73D322D4" localFKIndex="C7517632-8B37-8B20-6B98-905D93482B59" name="FK_TACHE_FINI_REF_REFUTILISATEUR">
<sourceConnName>stagiaire</sourceConnName>
<sourceObjSchema>STAG26</sourceObjSchema>
<sourceObjName>FK_TACHE_FINI_REF_REFUTILISATEUR</sourceObjName>
<createdBy>Razvan BIZOÏ</createdBy>
<createdTime>2023-11-22 12:44:16 UTC</createdTime>
<ownerDesignName>schema</ownerDesignName>
<referredTableLongName>UTILISATEUR</referredTableLongName>
<deleteRule>NO ACTION</deleteRule>
<referredTableID>4535636C-A6FF-5EEE-B1A8-4F2ED91993E2</referredTableID>
<keyObject>554DA7B4-C08D-11E9-9B0A-779228CF8827</keyObject>
<referredKeyID>554DA7B4-C08D-11E9-9B0A-779228CF8827</referredKeyID>
<mandatory>true</mandatory>
<refColNames>REF_UTILISATEUR</refColNames>
<transferable>true</transferable>
<rely>false</rely>
<columnDependencyConstraintGenerateInDDL>true</columnDependencyConstraintGenerateInDDL>
</FKIndexAssociation>