<?xml version = '1.0' encoding = 'UTF-8'?>
<FKIndexAssociation class="oracle.dbtools.crest.model.design.relational.FKIndexAssociation" directorySegmentName="seg_0" id="8EE14FA0-FB64-BE03-409B-E25FD95C07CD" containerWithKeyObject="8CE3D233-CE5A-FCE7-CFED-3528EEB6B33A" localFKIndex="1A7D28EA-C8EC-E7F6-C2E0-82154A4DBE43" name="FK_DEPEND_RETACHE2">
<sourceConnName>stagiaire</sourceConnName>
<sourceObjSchema>STAG26</sourceObjSchema>
<sourceObjName>FK_DEPEND_RETACHE2</sourceObjName>
<createdBy>Razvan BIZOÏ</createdBy>
<createdTime>2023-11-22 12:44:16 UTC</createdTime>
<ownerDesignName>schema</ownerDesignName>
<referredTableLongName>TACHE</referredTableLongName>
<deleteRule>NO ACTION</deleteRule>
<referredTableID>1535B5CA-6545-9136-ABD8-0D5AADED381B</referredTableID>
<keyObject>2935C18F-E4DF-FDC2-2890-322EB4C94AB0</keyObject>
<referredKeyID>2935C18F-E4DF-FDC2-2890-322EB4C94AB0</referredKeyID>
<mandatory>true</mandatory>
<refColNames>REF_TACHE</refColNames>
<transferable>true</transferable>
<rely>false</rely>
<columnDependencyConstraintGenerateInDDL>true</columnDependencyConstraintGenerateInDDL>
</FKIndexAssociation>