<?xml version = '1.0' encoding = 'UTF-8'?>
<FKIndexAssociation class="oracle.dbtools.crest.model.design.relational.FKIndexAssociation" directorySegmentName="seg_0" id="CC2B8231-900D-ECBA-495E-733E51D1377F" containerWithKeyObject="867286D0-172C-1DA4-5C68-07C9AF0E7732" localFKIndex="3DC8EEF3-559D-9453-4A88-FA0BB33B8F17" name="FK_TACHE_EN_COURS_REFPERIODICITE">
<sourceConnName>stagiaire</sourceConnName>
<sourceObjSchema>STAG26</sourceObjSchema>
<sourceObjName>FK_TACHE_EN_COURS_REFPERIODICITE</sourceObjName>
<createdBy>Razvan BIZOÏ</createdBy>
<createdTime>2023-11-22 12:44:16 UTC</createdTime>
<ownerDesignName>schema</ownerDesignName>
<referredTableLongName>PERIODICITE</referredTableLongName>
<deleteRule>NO ACTION</deleteRule>
<referredTableID>9CF124B5-AAF4-E746-76BE-AE80A95A4E0F</referredTableID>
<keyObject>D9B855C1-E4B9-A980-6D3E-1C99F88C0748</keyObject>
<referredKeyID>D9B855C1-E4B9-A980-6D3E-1C99F88C0748</referredKeyID>
<mandatory>true</mandatory>
<refColNames>REF_PERIODICITE</refColNames>
<transferable>true</transferable>
<rely>false</rely>
<columnDependencyConstraintGenerateInDDL>true</columnDependencyConstraintGenerateInDDL>
</FKIndexAssociation>