<?xml version = '1.0' encoding = 'UTF-8'?>
<FKIndexAssociation class="oracle.dbtools.crest.model.design.relational.FKIndexAssociation" directorySegmentName="seg_0" id="CEE7D04F-C640-E560-2085-1019E9F742FD" containerWithKeyObject="867286D0-172C-1DA4-5C68-07C9AF0E7732" localFKIndex="C404251A-8705-D7CD-A42D-1E6A9B5D9F7A" name="FK_TACHE_EN_COURS_REF">
<sourceConnName>stagiaire</sourceConnName>
<sourceObjSchema>STAG26</sourceObjSchema>
<sourceObjName>FK_TACHE_EN_COURS_REF</sourceObjName>
<createdBy>Razvan BIZOÏ</createdBy>
<createdTime>2023-11-22 12:44:16 UTC</createdTime>
<ownerDesignName>schema</ownerDesignName>
<referredTableLongName>TACHE</referredTableLongName>
<deleteRule>NO ACTION</deleteRule>
<referredTableID>1535B5CA-6545-9136-ABD8-0D5AADED381B</referredTableID>
<keyObject>2935C18F-E4DF-FDC2-2890-322EB4C94AB0</keyObject>
<referredKeyID>2935C18F-E4DF-FDC2-2890-322EB4C94AB0</referredKeyID>
<mandatory>true</mandatory>
<refColNames>REF_TACHE</refColNames>
<transferable>true</transferable>
<rely>false</rely>
<columnDependencyConstraintGenerateInDDL>true</columnDependencyConstraintGenerateInDDL>
</FKIndexAssociation>