<?xml version = '1.0' encoding = 'UTF-8'?>
<FKIndexAssociation class="oracle.dbtools.crest.model.design.relational.FKIndexAssociation" directorySegmentName="seg_0" id="D17DCF36-1A4B-E6C5-C20E-F8CB4A59C533" containerWithKeyObject="62933369-8408-1C66-E949-046EF40D2ACA" localFKIndex="8C215DBF-5DE9-D072-2DD0-4FE6E009192A" name="FK_COMPORTE_REFSCORE_CATEGORIE">
<sourceConnName>stagiaire</sourceConnName>
<sourceObjSchema>STAG26</sourceObjSchema>
<sourceObjName>FK_COMPORTE_REFSCORE_CATEGORIE</sourceObjName>
<createdBy>Razvan BIZOÏ</createdBy>
<createdTime>2023-11-22 12:44:16 UTC</createdTime>
<ownerDesignName>schema</ownerDesignName>
<referredTableLongName>SCORE_CATEGORIE_TACHE</referredTableLongName>
<deleteRule>NO ACTION</deleteRule>
<referredTableID>FC04BF8F-08A7-5298-B8EB-4325F280B7B5</referredTableID>
<keyObject>708FDA82-5EC8-B8FC-D33F-C2AF22306738</keyObject>
<referredKeyID>708FDA82-5EC8-B8FC-D33F-C2AF22306738</referredKeyID>
<mandatory>true</mandatory>
<refColNames>REF_SCORE_CATEGORIE_TACHE</refColNames>
<transferable>true</transferable>
<rely>false</rely>
<columnDependencyConstraintGenerateInDDL>true</columnDependencyConstraintGenerateInDDL>
</FKIndexAssociation>