<?xml version = '1.0' encoding = 'UTF-8'?>
<FKIndexAssociation class="oracle.dbtools.crest.model.design.relational.FKIndexAssociation" directorySegmentName="seg_0" id="EC028602-ECC8-7655-3A72-3E6EFB9CDC5F" containerWithKeyObject="867286D0-172C-1DA4-5C68-07C9AF0E7732" localFKIndex="3126F198-B844-9641-765E-446947D61CBD" name="FK_TACHE_EN_COURS_REFUTILISATEUR">
<sourceConnName>stagiaire</sourceConnName>
<sourceObjSchema>STAG26</sourceObjSchema>
<sourceObjName>FK_TACHE_EN_COURS_REFUTILISATEUR</sourceObjName>
<createdBy>Razvan BIZOÏ</createdBy>
<createdTime>2023-11-22 12:44:16 UTC</createdTime>
<ownerDesignName>schema</ownerDesignName>
<referredTableLongName>UTILISATEUR</referredTableLongName>
<deleteRule>NO ACTION</deleteRule>
<referredTableID>4535636C-A6FF-5EEE-B1A8-4F2ED91993E2</referredTableID>
<keyObject>554DA7B4-C08D-11E9-9B0A-779228CF8827</keyObject>
<referredKeyID>554DA7B4-C08D-11E9-9B0A-779228CF8827</referredKeyID>
<mandatory>true</mandatory>
<refColNames>REF_UTILISATEUR</refColNames>
<transferable>true</transferable>
<rely>false</rely>
<columnDependencyConstraintGenerateInDDL>true</columnDependencyConstraintGenerateInDDL>
</FKIndexAssociation>