<?xml version = '1.0' encoding = 'UTF-8'?>
<FKIndexAssociation class="oracle.dbtools.crest.model.design.relational.FKIndexAssociation" directorySegmentName="seg_0" id="FF21E8B3-F13E-027C-25C2-E120708CAC0B" containerWithKeyObject="776135E4-3865-2BEF-FE02-9E4F0281A52A" localFKIndex="9682FBFF-6FC8-052A-09F2-C592304DEE9B" name="FK_EST_ASSIGNE_REFUTILISATEUR">
<sourceConnName>stagiaire</sourceConnName>
<sourceObjSchema>STAG26</sourceObjSchema>
<sourceObjName>FK_EST_ASSIGNE_REFUTILISATEUR</sourceObjName>
<createdBy>Razvan BIZOÏ</createdBy>
<createdTime>2023-11-22 12:44:16 UTC</createdTime>
<ownerDesignName>schema</ownerDesignName>
<referredTableLongName>UTILISATEUR</referredTableLongName>
<deleteRule>NO ACTION</deleteRule>
<referredTableID>4535636C-A6FF-5EEE-B1A8-4F2ED91993E2</referredTableID>
<keyObject>554DA7B4-C08D-11E9-9B0A-779228CF8827</keyObject>
<referredKeyID>554DA7B4-C08D-11E9-9B0A-779228CF8827</referredKeyID>
<mandatory>true</mandatory>
<refColNames>REF_UTILISATEUR</refColNames>
<transferable>true</transferable>
<rely>false</rely>
<columnDependencyConstraintGenerateInDDL>true</columnDependencyConstraintGenerateInDDL>
</FKIndexAssociation>