<?xml version = '1.0' encoding = 'UTF-8'?>
<FKIndexAssociation class="oracle.dbtools.crest.model.design.relational.FKIndexAssociation" directorySegmentName="seg_0" id="FFA13EF9-3C29-6C06-7874-9F3A9E9874A2" containerWithKeyObject="8CE3D233-CE5A-FCE7-CFED-3528EEB6B33A" localFKIndex="27DF0C4A-5CC7-FB08-B620-AE7DE8EA210C" name="FK_DEPEND_RETACHE1">
<sourceConnName>stagiaire</sourceConnName>
<sourceObjSchema>STAG26</sourceObjSchema>
<sourceObjName>FK_DEPEND_RETACHE1</sourceObjName>
<createdBy>Razvan BIZOÏ</createdBy>
<createdTime>2023-11-22 12:44:16 UTC</createdTime>
<ownerDesignName>schema</ownerDesignName>
<referredTableLongName>TACHE</referredTableLongName>
<deleteRule>NO ACTION</deleteRule>
<referredTableID>1535B5CA-6545-9136-ABD8-0D5AADED381B</referredTableID>
<keyObject>2935C18F-E4DF-FDC2-2890-322EB4C94AB0</keyObject>
<referredKeyID>2935C18F-E4DF-FDC2-2890-322EB4C94AB0</referredKeyID>
<mandatory>true</mandatory>
<refColNames>REF_TACHE</refColNames>
<transferable>true</transferable>
<rely>false</rely>
<columnDependencyConstraintGenerateInDDL>true</columnDependencyConstraintGenerateInDDL>
</FKIndexAssociation>